migration,verdict,tables,detail
0000_00_00_000000_create_websockets_statistics_entries_table,"ALREADY REPRESENTED",websockets_statistics_entries,"baseline already contains: websockets_statistics_entries"
2014_10_12_000000_create_users_table,"ALREADY REPRESENTED",users,"baseline already contains: users"
2014_10_12_000001_create_modules_table,"ALREADY REPRESENTED",modules,"baseline already contains: modules"
2016_06_01_000001_create_oauth_auth_codes_table,"ALREADY REPRESENTED",oauth_auth_codes,"baseline already contains: oauth_auth_codes"
2016_06_01_000002_create_oauth_access_tokens_table,"ALREADY REPRESENTED",oauth_access_tokens,"baseline already contains: oauth_access_tokens"
2016_06_01_000003_create_oauth_refresh_tokens_table,"ALREADY REPRESENTED",oauth_refresh_tokens,"baseline already contains: oauth_refresh_tokens"
2016_06_01_000004_create_oauth_clients_table,"ALREADY REPRESENTED",oauth_clients,"baseline already contains: oauth_clients"
2016_06_01_000005_create_oauth_personal_access_clients_table,"ALREADY REPRESENTED",oauth_personal_access_clients,"baseline already contains: oauth_personal_access_clients"
2022_03_31_103418_create_wallet_transactions_table,"ALREADY REPRESENTED",wallet_transactions,"baseline already contains: wallet_transactions"
2022_03_31_103827_create_loyalty_point_transactions_table,"ALREADY REPRESENTED",loyalty_point_transactions,"baseline already contains: loyalty_point_transactions"
2022_04_09_161150_add_wallet_point_columns_to_users_table,"ALREADY REPRESENTED",users,"all added columns present in baseline (2) [idempotent guard present - safe to re-run]"
2022_04_10_030533_create_newsletters_table,"ALREADY REPRESENTED",newsletters,"baseline already contains: newsletters"
2022_04_12_015827_create_social_media_table,"ALREADY REPRESENTED",social_media,"baseline already contains: social_media"
2022_04_12_215009_create_jobs_table,"ALREADY REPRESENTED",jobs,"baseline already contains: jobs"
2022_04_21_145207_add_column_to_modules_table,UNKNOWN,,
2022_05_09_235959_create_zones_table_if_missing,"ALREADY REPRESENTED",zones,"baseline already contains: zones [idempotent guard present - safe to re-run]"
2022_05_10_000000_create_customer_addresses_table,"ALREADY REPRESENTED",customer_addresses,"baseline already contains: customer_addresses"
2022_05_14_122133_add_dm_tips_column_to_orders_table,"ALREADY REPRESENTED",orders,"all added columns present in baseline (1)"
2022_05_14_122603_add_dm_tips_column_to_order_transactions_table,"ALREADY REPRESENTED",order_transactions,"all added columns present in baseline (1)"
2022_05_14_155444_add_all_zones_column_to_modules_table,"ALREADY REPRESENTED",modules,"all added columns present in baseline (1)"
2022_05_17_153333_add_ref_code_to_users_table,"ALREADY REPRESENTED",users,"all added columns present in baseline (1)"
2022_05_26_120821_change_data_column_to_user_notifiations_table,"ALREADY REPRESENTED",user_notifications,"all added columns present in baseline (1)"
2022_07_31_103626_add_free_delivery_by_column_to_orders_table,"ALREADY REPRESENTED",orders,"all added columns present in baseline (1)"
2022_09_10_112137_create_user_infos_table,"ALREADY REPRESENTED",user_infos,"baseline already contains: user_infos"
2022_09_10_112203_create_conversations_table,"ALREADY REPRESENTED",conversations,"baseline already contains: conversations"
2022_09_10_112220_create_messages_table,"ALREADY REPRESENTED",messages,"baseline already contains: messages"
2022_10_18_092639_create_refunds_table,"ALREADY REPRESENTED",refunds,"baseline already contains: refunds"
2022_10_18_093323_add_refund_request_cancel_column_to_orders_table,"ALREADY REPRESENTED",orders,"all added columns present in baseline (1)"
2022_10_18_093529_create_refund_reasons_table,"ALREADY REPRESENTED",refund_reasons,"baseline already contains: refund_reasons"
2022_10_19_150319_add_delivery_column_to_parcel_categories_table,"ALREADY REPRESENTED",parcel_categories,"all added columns present in baseline (2)"
2022_10_19_165501_add_default_link_column_to_banners_table,"ALREADY REPRESENTED",banners,"all added columns present in baseline (1)"
2022_10_20_105050_module_zone,"ALREADY REPRESENTED",module_zone,"baseline already contains: module_zone [idempotent guard present - safe to re-run]"
2022_10_22_115553_add_is_logged_column_to_admins_table,"ALREADY REPRESENTED",admins,"all added columns present in baseline (1)"
2022_10_22_122336_add_is_logged_column_to_vendor_employees_table,"ALREADY REPRESENTED",vendor_employees,"all added columns present in baseline (1)"
2022_10_25_153214_add_payment_method_columns_to_zones_table,"ALREADY REPRESENTED",zones,"all added columns present in baseline (2)"
2022_10_31_165427_add_rename_delivery_charge_column_to_stores_table,"ALREADY REPRESENTED",stores,"all added columns present in baseline (1)"
2022_11_05_094404_add_delivery_fee_comission_to_order_transactions_table,"ALREADY REPRESENTED",order_transactions,"all added columns present in baseline (1)"
2022_11_13_130054_create_contacts_table,"ALREADY REPRESENTED",contacts,"baseline already contains: contacts"
2022_11_15_111925_create_expenses_table,"ALREADY REPRESENTED",expenses,"baseline already contains: expenses"
2022_11_15_112413_add_expense_column_to_order_transactions_table,"ALREADY REPRESENTED",order_transactions,"all added columns present in baseline (1)"
2022_12_20_104455_add_food_variations_column_to_items_table,"ALREADY REPRESENTED",items,"all added columns present in baseline (1)"
2022_12_21_154227_alter_table_order_details_change_variation,"ALREADY REPRESENTED",order_details,"all added columns present in baseline (1)"
2022_12_29_103803_add_order_id_column_to_expenses_table,"ALREADY REPRESENTED",expenses,"all added columns present in baseline (1)"
2022_12_29_105321_add_maximum_cod_order_amount_column_to_module_zone_table,"ALREADY REPRESENTED",module_zone,"all added columns present in baseline (1)"
2022_12_29_114005_add_prescription_order_column_to_orders_table,"ALREADY REPRESENTED",orders,"all added columns present in baseline (1)"
2022_12_31_111437_create_notification_messages_table,"ALREADY REPRESENTED",notification_messages,"baseline already contains: notification_messages"
2023_01_02_112948_create_tags_table,"ALREADY REPRESENTED",tags,"baseline already contains: tags"
2023_01_02_113235_item_tag,"ALREADY REPRESENTED",item_tag,"baseline already contains: item_tag"
2023_01_03_093510_add_current_language_key_column_to_users_table,"ALREADY REPRESENTED",users,"all added columns present in baseline (1)"
2023_01_07_115354_add_prescription_order_to_stores_table,"ALREADY REPRESENTED",stores,"all added columns present in baseline (1)"
2023_01_07_180000_add_description_to_expenses_table,"ALREADY REPRESENTED",expenses,"all added columns present in baseline (2)"
2023_01_10_124723_add_food_variations_column_to_item_campaigns_table,"ALREADY REPRESENTED",item_campaigns,"all added columns present in baseline (1)"
2023_01_10_145928_change_refund_amount_column_type,"ALREADY REPRESENTED",refunds,"all added columns present in baseline (1)"
2023_01_10_150108_change_amount_column_type,"ALREADY REPRESENTED",withdraw_requests,"all added columns present in baseline (1)"
2023_01_23_103943_add_slug_to_items_table,"ALREADY REPRESENTED",items,"all added columns present in baseline (1)"
2023_01_23_144001_add_slug_to_categories_table,"ALREADY REPRESENTED",categories,"all added columns present in baseline (1)"
2023_01_23_144119_add_slug_to_item_campaigns_table,"ALREADY REPRESENTED",item_campaigns,"all added columns present in baseline (1)"
2023_01_23_144232_add_slug_to_stores_table,"ALREADY REPRESENTED",stores,"all added columns present in baseline (1)"
2023_01_23_144828_add_tax_status_column_to_orders_table,"ALREADY REPRESENTED",orders,"all added columns present in baseline (1)"
2023_01_30_114113_change_delivery_charge_column_type_to_admin_wallets_table,"ALREADY REPRESENTED",admin_wallets,"all added columns present in baseline (1)"
2023_02_19_164536_create_visitor_logs_table,"ALREADY REPRESENTED",visitor_logs,"baseline already contains: visitor_logs"
2023_02_25_133200_create_d_m_vehicles_table,"ALREADY REPRESENTED",d_m_vehicles,"baseline already contains: d_m_vehicles"
2023_02_25_133302_add_vehicle_id_column_to_delivery_men_table,"ALREADY REPRESENTED",delivery_men,"all added columns present in baseline (1)"
2023_02_25_133409_add_vehicle_id_column_to_orders_table,"ALREADY REPRESENTED",orders,"all added columns present in baseline (1)"
2023_02_25_163329_add_maximum_delivery_charge_column_to_module_zone_table,"ALREADY REPRESENTED",module_zone,"all added columns present in baseline (1)"
2023_02_25_175825_add_otp_hit_count_cols_in_phone_verifications_table,"ALREADY REPRESENTED",phone_verifications,"all added columns present in baseline (3)"
2023_02_25_175912_add_hit_count_at_col_in_password_resets_table,"ALREADY REPRESENTED",password_resets,"all added columns present in baseline (3)"
2023_02_26_144503_add_campaign_status_to_campaign_store_table,"ALREADY REPRESENTED",campaign_store,"all added columns present in baseline (1)"
2023_02_26_162224_add_recommened_to_items_table,"ALREADY REPRESENTED",items,"all added columns present in baseline (1)"
2023_02_27_102931_add_ref_by_col_to_users_table,"ALREADY REPRESENTED",users,"all added columns present in baseline (1)"
2023_02_27_111635_create_order_cancel_reasons_table,"ALREADY REPRESENTED",order_cancel_reasons,"baseline already contains: order_cancel_reasons"
2023_02_27_111937_add_cancellation_reason_col_to_orders_table,"ALREADY REPRESENTED",orders,"all added columns present in baseline (2)"
2023_02_27_161418_add_created_by_columns_to_coupons_table,"ALREADY REPRESENTED",coupons,"all added columns present in baseline (4)"
2023_02_27_161533_add_created_by_columns_to_expenses_table,"ALREADY REPRESENTED",expenses,"all added columns present in baseline (2)"
2023_02_27_162252_add_store_expense_columns_to_order_transactions_table,"ALREADY REPRESENTED",order_transactions,"all added columns present in baseline (1)"
2023_02_27_162357_add_coupon_created_by_columns_to_orders_table,"ALREADY REPRESENTED",orders,"all added columns present in baseline (1)"
2023_03_01_154319_add_maximum_delivery_charge_column_to_stores_table,"ALREADY REPRESENTED",stores,"all added columns present in baseline (1)"
2023_03_02_103114_add_discount_on_product_by_column_to_orders_table,"ALREADY REPRESENTED",orders,"all added columns present in baseline (1)"
2023_03_02_143919_change_amount_column_to_expenses_table,"ALREADY REPRESENTED",expenses,"all added columns present in baseline (2)"
2023_03_02_144258_add_discount_amount_by_store_col_to_order_transactions_table,"ALREADY REPRESENTED",order_transactions,"all added columns present in baseline (1)"
2023_03_11_120645_add_temp_block_time_col_to_phone_verifications_table,"ALREADY REPRESENTED",phone_verifications,"all added columns present in baseline (1)"
2023_03_11_121000_add_temp_block_time_col_to_password_resets_table,"ALREADY REPRESENTED",password_resets,"all added columns present in baseline (1)"
2023_03_13_181502_add_temp_token_column_to_users_table,"ALREADY REPRESENTED",users,"all added columns present in baseline (3)"
2023_04_05_112916_add_created_by_col_to_password_resets_table,"ALREADY REPRESENTED",password_resets,"all added columns present in baseline (1)"
2023_05_04_100012_create_data_settings_table,"ALREADY REPRESENTED",data_settings,"baseline already contains: data_settings"
2023_05_04_100930_create_admin_promotional_banners_table,"ALREADY REPRESENTED",admin_promotional_banners,"baseline already contains: admin_promotional_banners"
2023_05_04_101825_create_admin_features_table,"ALREADY REPRESENTED",admin_features,"baseline already contains: admin_features"
2023_05_04_102015_create_admin_special_criterias_table,"ALREADY REPRESENTED",admin_special_criterias,"baseline already contains: admin_special_criterias"
2023_05_07_152523_create_admin_testimonials_table,"ALREADY REPRESENTED",admin_testimonials,"baseline already contains: admin_testimonials"
2023_05_07_173609_create_flutter_special_criterias_table,"ALREADY REPRESENTED",flutter_special_criterias,"baseline already contains: flutter_special_criterias"
2023_05_08_125811_create_react_testimonials_table,"ALREADY REPRESENTED",react_testimonials,"baseline already contains: react_testimonials"
2023_05_09_170006_create_email_templates_table,"ALREADY REPRESENTED",email_templates,"baseline already contains: email_templates"
2023_05_14_104308_create_react_promotional_banners_table,"ALREADY REPRESENTED",react_promotional_banners,"baseline already contains: react_promotional_banners"
2023_05_16_104129_add_cutlery_processing_time_unavailable_product_note_col_to_orders_table,"ALREADY REPRESENTED",orders,"all added columns present in baseline (3)"
2023_05_18_093438_add_featured_col_to_categories_table,"ALREADY REPRESENTED",categories,"all added columns present in baseline (1)"
2023_05_18_143530_add_delivery_instruction_col_to_orders_table,"ALREADY REPRESENTED",orders,"all added columns present in baseline (1)"
2023_05_18_163841_add_organic_col_to_items_table,"ALREADY REPRESENTED",items,"all added columns present in baseline (1)"
2023_05_28_153920_add_tax_percentage_col_to_orders_table,"ALREADY REPRESENTED",orders,"all added columns present in baseline (1)"
2023_06_11_172741_add_cutlery_col_to_stores_table,"ALREADY REPRESENTED",stores,"all added columns present in baseline (1)"
2023_07_05_104537_add_maximum_cart_quantity_col_to_items_table,"ALREADY REPRESENTED",items,"all added columns present in baseline (1)"
2023_07_05_135741_add_service_charge_col_to_orders_table,"ALREADY REPRESENTED",orders,"all added columns present in baseline (1)"
2023_07_05_145800_add_service_charge_col_to_order_transactions_table,"ALREADY REPRESENTED",order_transactions,"all added columns present in baseline (1)"
2023_07_05_155429_add_order_proof_col_to_orders_table,"ALREADY REPRESENTED",orders,"all added columns present in baseline (1)"
2023_07_06_124530_add_partially_paid_amount_col_to_orders_table,"ALREADY REPRESENTED",orders,"all added columns present in baseline (1)"
2023_07_06_144944_create_order_payments_table,"ALREADY REPRESENTED",order_payments,"baseline already contains: order_payments"
2023_07_09_120533_add_meta_cols_to_stores_table,"ALREADY REPRESENTED",stores,"all added columns present in baseline (3)"
2023_07_09_143746_create_wallet_payments_table,"ALREADY REPRESENTED",wallet_payments,"baseline already contains: wallet_payments"
2023_07_10_121938_create_wallet_bonuses_table,"ALREADY REPRESENTED",wallet_bonuses,"baseline already contains: wallet_bonuses"
2023_07_10_153950_add_user_id_col_to_expenses_table,"ALREADY REPRESENTED",expenses,"all added columns present in baseline (1)"
2023_07_19_124016_add_maximum_cart_quantity_col_to_item_campaigns_table,"ALREADY REPRESENTED",item_campaigns,"all added columns present in baseline (1)"
2023_08_10_131937_create_offline_payment_methods_table,"ALREADY REPRESENTED",offline_payment_methods,"baseline already contains: offline_payment_methods"
2023_08_10_132315_create_offline_payments_table,"ALREADY REPRESENTED",offline_payments,"baseline already contains: offline_payments"
2023_08_14_123526_create_temp_products_table,"ALREADY REPRESENTED",temp_products,"baseline already contains: temp_products"
2023_08_14_153229_add_is_approved_col_to_items_table,"ALREADY REPRESENTED",items,"all added columns present in baseline (1)"
2023_08_20_143852_add_created_by_col_to_banners_table,"ALREADY REPRESENTED",banners,"all added columns present in baseline (2)"
2023_08_21_115610_add_announcement_cols_to_stores_table,"ALREADY REPRESENTED",stores,"all added columns present in baseline (2)"
2023_08_21_173527_create_guests_table,"ALREADY REPRESENTED",guests,"baseline already contains: guests"
2023_08_22_102914_add_is_guest_col_to_orders_table,"ALREADY REPRESENTED",orders,"all added columns present in baseline (1)"
2023_08_24_123045_create_common_conditions_table,"ALREADY REPRESENTED",common_conditions,"baseline already contains: common_conditions"
2023_08_24_151032_create_pharmacy_item_details_table,"ALREADY REPRESENTED",pharmacy_item_details,"baseline already contains: pharmacy_item_details"
2023_08_26_164947_create_module_wise_banners_table,"ALREADY REPRESENTED",module_wise_banners,"baseline already contains: module_wise_banners"
2023_08_27_123438_create_module_wise_why_chooses_table,"ALREADY REPRESENTED",module_wise_why_chooses,"baseline already contains: module_wise_why_chooses"
2023_08_28_114316_create_flash_sales_table,"ALREADY REPRESENTED",flash_sales,"baseline already contains: flash_sales"
2023_08_28_134428_create_flash_sale_items_table,"ALREADY REPRESENTED",flash_sale_items,"baseline already contains: flash_sale_items"
2023_09_07_131829_create_carts_table,"ALREADY REPRESENTED",carts,"baseline already contains: carts"
2023_09_20_122921_create_store_configs_table,"ALREADY REPRESENTED",store_configs,"baseline already contains: store_configs"
2023_09_23_184806_add_flash_sale_cols_to_orders_table,"ALREADY REPRESENTED",orders,"all added columns present in baseline (2)"
2023_10_08_103818_add_increased_delivery_fee_in_zones_table,"ALREADY REPRESENTED",zones,"all added columns present in baseline (4)"
2023_11_21_123038_create_withdrawal_methods_table,"ALREADY REPRESENTED",withdrawal_methods,"baseline already contains: withdrawal_methods"
2023_11_21_123229_create_disbursement_withdrawal_methods_table,"ALREADY REPRESENTED",disbursement_withdrawal_methods,"baseline already contains: disbursement_withdrawal_methods"
2023_11_21_123320_create_disbursements_table,"ALREADY REPRESENTED",disbursements,"baseline already contains: disbursements"
2023_11_21_123742_add_cols_to_withdraw_requests_table,"ALREADY REPRESENTED",withdraw_requests,"all added columns present in baseline (5)"
2023_11_21_124049_create_disbursement_details_table,"ALREADY REPRESENTED",disbursement_details,"baseline already contains: disbursement_details"
2023_11_21_160728_add_created_by_col_to_account_transactions_table,"ALREADY REPRESENTED",account_transactions,"all added columns present in baseline (2)"
2023_11_23_093859_create_parcel_delivery_instructions_table,"ALREADY REPRESENTED",parcel_delivery_instructions,"baseline already contains: parcel_delivery_instructions"
2024_01_17_105010_create_order_references_table,"ALREADY REPRESENTED",order_references,"baseline already contains: order_references"
2024_04_01_124630_create_cash_backs_table,"ALREADY REPRESENTED",cash_backs,"baseline already contains: cash_backs"
2024_04_01_130213_add_is_halal_col_to_items_table,"ALREADY REPRESENTED",items,"all added columns present in baseline (1)"
2024_04_01_130644_add_body_2_col_to_email_templates_table,"ALREADY REPRESENTED",email_templates,"all added columns present in baseline (1)"
2024_04_01_142631_add_is_prescription_required_col_to_pharmacy_item_details_table,"ALREADY REPRESENTED",pharmacy_item_details,"all added columns present in baseline (1)"
2024_04_02_112611_create_brands_table,"ALREADY REPRESENTED",brands,"baseline already contains: brands"
2024_04_02_122002_create_ecommerce_item_details_table,"ALREADY REPRESENTED",ecommerce_item_details,"baseline already contains: ecommerce_item_details"
2024_04_02_133855_create_cash_back_histories_table,"ALREADY REPRESENTED",cash_back_histories,"baseline already contains: cash_back_histories"
2024_04_04_085842_add_interested_module_ids_col_to_users_table,"ALREADY REPRESENTED",users,"all added columns present in baseline (1)"
2024_04_18_171021_add_halal_extra_packaging_cols_to_store_configs_table,UNKNOWN,,
2024_04_18_171206_add_halal_brand_cols_to_temp_products_table,"ALREADY REPRESENTED",temp_products,"all added columns present in baseline (3)"
2024_04_18_171851_add_cashback_ref_amount_cols_to_temp_orders_table,"ALREADY REPRESENTED",orders,"all added columns present in baseline (3)"
2024_04_18_172145_add_extrapackaging_ref_amount_cols_to_temp_order_transactions_table,"ALREADY REPRESENTED",order_transactions,"all added columns present in baseline (2)"
2024_05_13_102547_create_subscription_packages_table,"ALREADY REPRESENTED",subscription_packages,"baseline already contains: subscription_packages"
2024_05_13_102612_create_store_subscriptions_table,"ALREADY REPRESENTED",store_subscriptions,"baseline already contains: store_subscriptions"
2024_05_13_104250_create_subscription_transactions_table,"ALREADY REPRESENTED",subscription_transactions,"baseline already contains: subscription_transactions"
2024_05_13_170120_add_store_business_model_col_to_stores_table,"ALREADY REPRESENTED",stores,"all added columns present in baseline (1)"
2024_05_14_175408_add_reply_col_to_reviews_table,"ALREADY REPRESENTED",reviews,"all added columns present in baseline (3)"
2024_05_16_113516_create_storages_table,"ALREADY REPRESENTED",storages,"baseline already contains: storages"
2024_05_22_115717_create_subscription_billing_and_refund_histories_table,"ALREADY REPRESENTED",subscription_billing_and_refund_histories,"baseline already contains: subscription_billing_and_refund_histories"
2024_05_26_120621_add_subscription_model_to_order_transaction_table,"ALREADY REPRESENTED",order_transactions,"all added columns present in baseline (2)"
2024_05_28_110550_add_change_file_column_to_messages_table,"ALREADY REPRESENTED",messages,"all added columns present in baseline (1)"
2024_05_28_112559_add_change_order_attachment_column_to_orders_table,"ALREADY REPRESENTED",orders,"all added columns present in baseline (2)"
2024_07_07_111841_create_advertisements_table,"ALREADY REPRESENTED",advertisements,"baseline already contains: advertisements"
2024_07_07_112117_create_notification_settings_table,"ALREADY REPRESENTED",notification_settings,"baseline already contains: notification_settings"
2024_07_07_112203_create_store_notification_settings_table,"ALREADY REPRESENTED",store_notification_settings,"baseline already contains: store_notification_settings"
2024_07_10_165721_create_priority_lists_table,"ALREADY REPRESENTED",priority_lists,"baseline already contains: priority_lists"
2024_07_14_182931_add_package_id_col_stores_table,"ALREADY REPRESENTED",stores,"all added columns present in baseline (1)"
2024_07_15_131402_add_replied_at_col_to_reviews_table,"ALREADY REPRESENTED",reviews,"all added columns present in baseline (1)"
2024_07_28_131816_create_external_configurations_table,"ALREADY REPRESENTED",external_configurations,"baseline already contains: external_configurations"
2024_09_11_094735_add_display_name_col_in_zones_table,"ALREADY REPRESENTED",zones,"all added columns present in baseline (1)"
2024_09_11_105938_create_automated_messages_table,"ALREADY REPRESENTED",automated_messages,"baseline already contains: automated_messages"
2024_09_11_134421_add_ordre_id_col_to_messages_table,"ALREADY REPRESENTED",messages,"all added columns present in baseline (1)"
2024_09_12_115801_create_nutritions_table,"ALREADY REPRESENTED",nutritions,"baseline already contains: nutritions"
2024_09_12_120019_create_allergies_table,"ALREADY REPRESENTED",allergies,"baseline already contains: allergies"
2024_09_12_121929_create_allergy_item_table,"ALREADY REPRESENTED",allergy_item,"baseline already contains: allergy_item"
2024_09_12_121941_create_item_nutrition_table,"ALREADY REPRESENTED",item_nutrition,"baseline already contains: item_nutrition"
2024_09_12_142834_add_nutrition_allergy_id_cols_to_temp_products_table,"ALREADY REPRESENTED",temp_products,"all added columns present in baseline (3)"
2024_09_15_112118_create_generic_names_table,"ALREADY REPRESENTED",generic_names,"baseline already contains: generic_names"
2024_09_15_112537_create_item_generic_names_table,"ALREADY REPRESENTED",item_generic_names,"baseline already contains: item_generic_names"
2024_10_21_153431_add_is_email_verified_col_to_users_table,"ALREADY REPRESENTED",users,"all added columns present in baseline (2)"
2024_10_21_153607_add_phone_col_to_password_resets_table,"ALREADY REPRESENTED",password_resets,"all added columns present in baseline (2)"
2024_10_22_103402_create_item_campaign_generic_names_table,"ALREADY REPRESENTED",item_campaign_generic_names,"baseline already contains: item_campaign_generic_names"
2024_10_22_103440_create_allergy_item_campaign_table,"ALREADY REPRESENTED",allergy_item_campaign,"baseline already contains: allergy_item_campaign"
2024_10_22_103509_create_item_campaign_nutrition_table,"ALREADY REPRESENTED",item_campaign_nutrition,"baseline already contains: item_campaign_nutrition"
2024_10_22_133944_add_minimum_stock_for_warning_col_to_store_confg,UNKNOWN,,
2024_11_17_104649_create_cache_table,"ALREADY REPRESENTED","cache,cache_locks","baseline already contains: cache,cache_locks"
2024_12_03_142529_add_to_col_stores_table,"ALREADY REPRESENTED",stores,"all added columns present in baseline (2)"
2024_12_12_114152_add_module_type_col_to_subscription_package_table,"ALREADY REPRESENTED",subscription_packages,"all added columns present in baseline (1)"
2024_12_14_131104_add_module_type_to_notification_settings_table,"ALREADY REPRESENTED",notification_settings,"all added columns present in baseline (1)"
2024_12_24_112837_add_to_col_cash_backs_table,"ALREADY REPRESENTED",cash_backs,"all added columns present in baseline (1)"
2024_12_31_170522_add_trip_id_col_to_expense_table,"ALREADY REPRESENTED",expenses,"all added columns present in baseline (1)"
2025_01_01_122538_add_trip_id_to_cash_back_histories,"ALREADY REPRESENTED",cash_back_histories,"all added columns present in baseline (1)"
2025_01_05_140000_add_module_type_col_to_store_notification_settings_table,"ALREADY REPRESENTED",store_notification_settings,"all added columns present in baseline (1)"
2025_02_06_163705_add_temp_product_id_col_to__ecommerce_item_details,"ALREADY REPRESENTED",ecommerce_item_details,"all added columns present in baseline (1)"
2025_03_09_102816_add_module_id_col_to_brands_table,"ALREADY REPRESENTED",brands,"all added columns present in baseline (1)"
2025_03_12_101638_create_recent_searches_table,"ALREADY REPRESENTED",recent_searches,"baseline already contains: recent_searches"
2025_06_01_125609_create_addon_categories_table,"ALREADY REPRESENTED",addon_categories,"baseline already contains: addon_categories"
2025_06_01_130624_add_addon_category_id_col_to_add_ons_table,"ALREADY REPRESENTED",add_ons,"all added columns present in baseline (1)"
2025_06_14_154744_add_discount_data_on_order_details_table,"ALREADY REPRESENTED",order_details,"all added columns present in baseline (5)"
2025_06_25_174502_add_to_cols_stores_table,"ALREADY REPRESENTED",stores,"all added columns present in baseline (3)"
2025_07_05_070056_add_tax_type_col_to_order_table,"ALREADY REPRESENTED",orders,"all added columns present in baseline (1)"
2025_07_13_160717_add_charge_type_col_to_module_zone_table,"ALREADY REPRESENTED",module_zone,"all added columns present in baseline (2)"
2025_07_13_185456_create_surge_prices_table,"ALREADY REPRESENTED",surge_prices,"baseline already contains: surge_prices"
2025_07_13_192359_create_surge_price_dates_table,"ALREADY REPRESENTED",surge_price_dates,"baseline already contains: surge_price_dates"
2025_07_22_130717_add_login_remember_token_to_admins_table,"ALREADY REPRESENTED",admins,"all added columns present in baseline (1)"
2025_07_22_130717_add_login_remember_token_to_vendor_employees_table,"ALREADY REPRESENTED",vendor_employees,"all added columns present in baseline (1)"
2025_07_22_130717_add_login_remember_token_to_vendors_table,"ALREADY REPRESENTED",vendors,"all added columns present in baseline (1)"
2025_07_24_123609_add_index_to_items_table,UNKNOWN,items,"no parsable column operation (index/FK-only or dynamic)"
2025_07_24_131029_add_index_to_reviews_table,UNKNOWN,reviews,"no parsable column operation (index/FK-only or dynamic)"
2025_07_24_131340_add_index_to_wishlists_table,UNKNOWN,wishlists,"no parsable column operation (index/FK-only or dynamic)"
2025_07_27_152011_add_index_to_categories_table,UNKNOWN,categories,"no parsable column operation (index/FK-only or dynamic)"
2025_09_15_143154_create_parcel_cancellation_reasons_table,"ALREADY REPRESENTED",parcel_cancellation_reasons,"baseline already contains: parcel_cancellation_reasons"
2025_09_16_173917_create_parcel_cancellations_table,"ALREADY REPRESENTED",parcel_cancellations,"baseline already contains: parcel_cancellations"
2025_09_20_141407_add_bring_change_amount_col_to_orders_table,"ALREADY REPRESENTED",orders,"all added columns present in baseline (2)"
2025_09_20_155910_create_analytic_scripts_table,"ALREADY REPRESENTED",analytic_scripts,"baseline already contains: analytic_scripts"
2025_09_21_171906_add_section_wise_ai_use_count_to_store_configs,UNKNOWN,,
2025_09_21_174228_add_sender_note_to_withdraw_requests,"ALREADY REPRESENTED",withdraw_requests,"all added columns present in baseline (1)"
2025_09_25_181108_rename_bank_name_to_rejection_note_in_vendors_table,"ALREADY REPRESENTED",vendors,"all added columns present in baseline (1)"
2025_10_23_160409_create_f_a_q_s_table,"ALREADY REPRESENTED",f_a_q_s,"baseline already contains: f_a_q_s"
2025_11_09_014948_create_page_seo_data_table,"ALREADY REPRESENTED",page_seo_data,"baseline already contains: page_seo_data"
2025_11_27_132943_update_identity_image_column_in_delivery_men_table,"ALREADY REPRESENTED",delivery_men,"all added columns present in baseline (4)"
2025_11_27_141050_create_deliveryman_loyalty_point_histories_table,"ALREADY REPRESENTED",deliveryman_loyalty_point_histories,"baseline already contains: deliveryman_loyalty_point_histories"
2025_11_30_093640_create_deliveryman_referral_histories_table,"ALREADY REPRESENTED",deliveryman_referral_histories,"baseline already contains: deliveryman_referral_histories"
2026_01_08_121542_add_meta_data_column_to_stores_table,"ALREADY REPRESENTED",stores,"all added columns present in baseline (1)"
2026_01_08_150355_create_item_seo_data_table,"ALREADY REPRESENTED",item_seo_data,"baseline already contains: item_seo_data"
2026_01_12_101427_add_is_default_col_to_zones_table,"ALREADY REPRESENTED",zones,"all added columns present in baseline (1)"
2026_01_21_103359_add_slug_to_modules_table,"ALREADY REPRESENTED",modules,"all added columns present in baseline (1)"
2026_01_21_112637_add_slug_column_to_campaigns_table,"ALREADY REPRESENTED",campaigns,"all added columns present in baseline (1)"
2026_01_27_141523_create_parcel_return_fees_table,"ALREADY REPRESENTED",parcel_return_fees,"baseline already contains: parcel_return_fees"
2026_01_27_141620_create_parcel_penalty_fees_table,"ALREADY REPRESENTED",parcel_penalty_fees,"baseline already contains: parcel_penalty_fees"
2026_02_04_152345_add_ride_related_columns_in_d_m_vehicles_table,"ALREADY REPRESENTED",d_m_vehicles,"all added columns present in baseline (8)"
2026_02_04_164604_add_question_column_in_automated_messages_table,"ALREADY REPRESENTED",automated_messages,"all added columns present in baseline (2)"
2026_02_04_165904_add_user_note_col_to_withdraw_requests_table,"ALREADY REPRESENTED",withdraw_requests,"all added columns present in baseline (1)"
2026_02_08_113515_add_rider_wise_topic_to_zones_table,"ALREADY REPRESENTED",zones,"all added columns present in baseline (1)"
2026_03_09_151700_add_extra_discount_amount_col_to_orders_table,"ALREADY REPRESENTED",orders,"all added columns present in baseline (1)"
2026_03_25_171011_add_timestamps_to_campaign_store_table,UNKNOWN,campaign_store,"no parsable column operation (index/FK-only or dynamic)"
2026_04_06_000001_add_verified_seller_to_store_configs_table,UNKNOWN,,
2026_04_07_000001_create_user_files_table,"ALREADY REPRESENTED",user_files,"baseline already contains: user_files"
2026_04_13_000001_add_product_video_columns_to_items_and_temp_products_tables,"ALREADY REPRESENTED","items,temp_products","all added columns present in baseline (2)"
2026_04_13_120000_add_show_low_stock_count_to_store_configs_table,UNKNOWN,,
2026_04_16_140158_add_ride_id_col_to_expenses_table,"ALREADY REPRESENTED",expenses,"all added columns present in baseline (1)"
2026_06_04_162817_add_join_as_col_to_delivery_men_table,"ALREADY REPRESENTED",delivery_men,"all added columns present in baseline (3)"
2026_07_02_000001_create_urban_goodz_measurement_requests_table,"ALREADY REPRESENTED",urban_goodz_measurement_requests,"baseline already contains: urban_goodz_measurement_requests [idempotent guard present - safe to re-run]"
2026_07_03_000001_create_order_anywhere_requests_table,"ALREADY REPRESENTED",order_anywhere_requests,"baseline already contains: order_anywhere_requests [idempotent guard present - safe to re-run]"
2026_07_03_000002_create_urban_goodz_payment_ledgers_table,"ALREADY REPRESENTED",urban_goodz_payment_ledgers,"baseline already contains: urban_goodz_payment_ledgers [idempotent guard present - safe to re-run]"
2026_07_03_000003_create_urban_goodz_payment_splits_table,"ALREADY REPRESENTED",urban_goodz_payment_splits,"baseline already contains: urban_goodz_payment_splits [idempotent guard present - safe to re-run]"
2026_07_03_000004_add_payment_fields_to_order_anywhere_requests_table,"ALREADY REPRESENTED",order_anywhere_requests,"all added columns present in baseline (14) [idempotent guard present - safe to re-run]"
2026_07_05_000001_create_urban_goodz_ingestion_tables,"ALREADY REPRESENTED","urban_goodz_import_batches,urban_goodz_sourced_businesses,urban_goodz_sourced_products,urban_goodz_sourced_images,urban_goodz_demand_signals","baseline already contains: urban_goodz_import_batches,urban_goodz_sourced_businesses,urban_goodz_sourced_products,urban_goodz_sourced_images,urban_goodz_demand_signals"
2026_07_05_214527_add_public_listing_fields_to_stores_table,"ALREADY REPRESENTED",stores,"all added columns present in baseline (26)"
2026_07_06_100000_add_missing_fields_to_order_anywhere_requests_table,"ALREADY REPRESENTED",order_anywhere_requests,"all added columns present in baseline (7) [idempotent guard present - safe to re-run]"
2026_07_06_110000_add_driver_assignment_fields_to_order_anywhere_requests_table,"ALREADY REPRESENTED",order_anywhere_requests,"all added columns present in baseline (9) [idempotent guard present - safe to re-run]"
2026_07_06_120000_create_urban_goodz_files_table,"ALREADY REPRESENTED",urban_goodz_files,"baseline already contains: urban_goodz_files [idempotent guard present - safe to re-run]"
2026_07_06_130000_add_photo_file_ids_to_measurement_requests_table,"ALREADY REPRESENTED",urban_goodz_measurement_requests,"all added columns present in baseline (3) [idempotent guard present - safe to re-run]"
2026_07_06_140000_create_urban_goodz_business_types_table,"ALREADY REPRESENTED",urban_goodz_business_types,"baseline already contains: urban_goodz_business_types [idempotent guard present - safe to re-run]"
2026_07_06_140001_create_urban_goodz_capabilities_table,"ALREADY REPRESENTED",urban_goodz_capabilities,"baseline already contains: urban_goodz_capabilities [idempotent guard present - safe to re-run]"
2026_07_06_140002_create_urban_goodz_business_type_default_capabilities_table,"ALREADY REPRESENTED",urban_goodz_business_type_default_capabilities,"baseline already contains: urban_goodz_business_type_default_capabilities [idempotent guard present - safe to re-run]"
2026_07_06_140003_create_urban_goodz_business_capabilities_table,"ALREADY REPRESENTED",urban_goodz_business_capabilities,"baseline already contains: urban_goodz_business_capabilities [idempotent guard present - safe to re-run]"
2026_07_06_140004_add_business_type_slug_to_stores_table,"ALREADY REPRESENTED",stores,"all added columns present in baseline (1) [idempotent guard present - safe to re-run]"
2026_07_06_140005_add_itemized_pricing_to_order_anywhere_requests_table,"ALREADY REPRESENTED",order_anywhere_requests,"all added columns present in baseline (5) [idempotent guard present - safe to re-run]"
2026_07_06_140006_create_urban_goodz_ai_intents_table,"ALREADY REPRESENTED",urban_goodz_ai_intents,"baseline already contains: urban_goodz_ai_intents [idempotent guard present - safe to re-run]"
2026_07_06_140007_create_urban_goodz_ai_conversations_table,"ALREADY REPRESENTED",urban_goodz_ai_conversations,"baseline already contains: urban_goodz_ai_conversations [idempotent guard present - safe to re-run]"
2026_07_06_180000_create_urban_goodz_backend_modules_tables,"ALREADY REPRESENTED","urban_goodz_service_requests,urban_goodz_service_providers,urban_goodz_appointments,urban_goodz_community_posts,urban_goodz_community_comments,urban_goodz_community_marketplace_items,urban_goodz_creator_applications,urban_goodz_creator_products,urban_goodz_logistics_jobs,urban_goodz_medical_courier_jobs,urban_goodz_medical_courier_custody_logs,urban_goodz_earn_money_opportunities,urban_goodz_earn_money_applications,urban_goodz_events,urban_goodz_plus_memberships,urban_goodz_spotlight_businesses,urban_goodz_discovery_searches","baseline already contains: urban_goodz_service_requests,urban_goodz_service_providers,urban_goodz_appointments,urban_goodz_community_posts,urban_goodz_community_comments,urban_goodz_community_marketplace_items,urban_goodz_creator_applications,urban_goodz_creator_products,urban_goodz_logistics_jobs,urban_goodz_medical_courier_jobs,urban_goodz_medical_courier_custody_logs,urban_goodz_earn_money_opportunities,urban_goodz_earn_money_applications,urban_goodz_events,urban_goodz_plus_memberships,urban_goodz_spotlight_businesses,urban_goodz_discovery_searches [idempotent guard present - safe to re-run]"
2026_07_06_190000_create_urban_goodz_rental_tables,"ALREADY REPRESENTED","urban_goodz_rental_assets,urban_goodz_rental_bookings,urban_goodz_rental_inspections","baseline already contains: urban_goodz_rental_assets,urban_goodz_rental_bookings,urban_goodz_rental_inspections [idempotent guard present - safe to re-run]"
2026_07_07_100000_create_urban_goodz_creator_space_tables,"ALREADY REPRESENTED","urban_goodz_creator_profiles,urban_goodz_creator_campaigns,urban_goodz_creator_campaign_assignments,urban_goodz_creator_content,urban_goodz_creator_earnings,urban_goodz_creator_business_leads,urban_goodz_creator_event_promotions,urban_goodz_creator_applications","baseline already contains: urban_goodz_creator_profiles,urban_goodz_creator_campaigns,urban_goodz_creator_campaign_assignments,urban_goodz_creator_content,urban_goodz_creator_earnings,urban_goodz_creator_business_leads,urban_goodz_creator_event_promotions [idempotent guard present - safe to re-run]"
2026_07_08_000001_create_urban_goodz_business_client_tables,"ALREADY REPRESENTED","urban_goodz_business_clients,urban_goodz_business_client_users,urban_goodz_business_client_locations,urban_goodz_business_client_documents,urban_goodz_business_client_jobs","baseline already contains: urban_goodz_business_clients,urban_goodz_business_client_users,urban_goodz_business_client_locations,urban_goodz_business_client_documents,urban_goodz_business_client_jobs [idempotent guard present - safe to re-run]"
2026_07_08_000002_create_urban_goodz_route_package_tables,"ALREADY REPRESENTED","urban_goodz_dedicated_routes,urban_goodz_route_batches,urban_goodz_route_packages,urban_goodz_package_scans,urban_goodz_route_assignments,urban_goodz_route_optimization_stops,urban_goodz_driver_earnings,urban_goodz_driver_payout_requests,urban_goodz_client_invoices,urban_goodz_medical_custody_logs","baseline already contains: urban_goodz_dedicated_routes,urban_goodz_route_batches,urban_goodz_route_packages,urban_goodz_package_scans,urban_goodz_route_assignments,urban_goodz_route_optimization_stops,urban_goodz_driver_earnings,urban_goodz_driver_payout_requests,urban_goodz_client_invoices,urban_goodz_medical_custody_logs [idempotent guard present - safe to re-run]"
2026_07_08_100000_add_route_package_foundation_fields,"DUPLICATE ALTER","urban_goodz_dedicated_routes,urban_goodz_route_packages","partial overlap - present: returned_packages,payout_model,route_offer_amount,estimated_miles | absent: dropoff_city,dropoff_state,dropoff_zip,stop_order"
2026_07_08_110000_make_dedicated_route_id_nullable,"ALREADY REPRESENTED",urban_goodz_route_packages,"all added columns present in baseline (4) [idempotent guard present - safe to re-run]"
2026_07_08_120000_add_end_location_to_dedicated_routes,"ALREADY REPRESENTED",urban_goodz_dedicated_routes,"all added columns present in baseline (3) [idempotent guard present - safe to re-run]"
2026_07_08_130000_fix_dedicated_route_id_nullable,"ALREADY REPRESENTED",urban_goodz_route_packages,"all added columns present in baseline (4) [idempotent guard present - safe to re-run]"
2026_07_08_140000_create_urban_goodz_manifests_table,"ALREADY REPRESENTED","urban_goodz_manifests,urban_goodz_route_packages","baseline already contains: urban_goodz_manifests [idempotent guard present - safe to re-run]"
2026_07_09_000000_create_urban_goodz_activity_logs_table,"ALREADY REPRESENTED",urban_goodz_activity_logs,"baseline already contains: urban_goodz_activity_logs"
2026_07_09_000001_add_business_client_management_fields,"DUPLICATE ALTER","urban_goodz_business_clients,urban_goodz_business_client_users,urban_goodz_business_client_locations","partial overlap - present: contact_name,contact_email,contact_phone,billing_email | absent: last_login_at,operating_hours,pickup_instructions,delivery_instructions"
2026_07_09_000001_add_payment_link_fields_to_order_anywhere_requests_table,"ALREADY REPRESENTED",order_anywhere_requests,"all added columns present in baseline (4)"
2026_07_09_000002_add_manifest_metrics_fields,"ALREADY REPRESENTED",urban_goodz_manifests,"all added columns present in baseline (5) [idempotent guard present - safe to re-run]"
2026_07_09_000002_create_urban_goodz_payment_transactions_table,"ALREADY REPRESENTED",urban_goodz_payment_transactions,"baseline already contains: urban_goodz_payment_transactions"
2026_07_09_000003_add_provider_neutral_columns_to_order_anywhere_requests_table,"ALREADY REPRESENTED",order_anywhere_requests,"all added columns present in baseline (5) [idempotent guard present - safe to re-run]"
2026_07_09_000004_create_urban_goodz_order_anywhere_card_requests_table,"ALREADY REPRESENTED",urban_goodz_order_anywhere_card_requests,"baseline already contains: urban_goodz_order_anywhere_card_requests"
2026_07_09_000005_add_connect_fields_to_order_anywhere_requests_table,"ALREADY REPRESENTED",order_anywhere_requests,"all added columns present in baseline (11) [idempotent guard present - safe to re-run]"
2026_07_09_000300_add_age_restricted_compliance_fields,"DUPLICATE ALTER","urban_goodz_route_packages,urban_goodz_dedicated_routes,orders,items","partial overlap - present: age_restricted,requires_id_verification,no_contactless_delivery,delivery_completion_locked_until_verified | absent: contains_age_restricted_items,age_restricted_order,age_restricted_type"
2026_07_09_000400_create_urban_goodz_age_verifications_table,"ALREADY REPRESENTED",urban_goodz_age_verifications,"baseline already contains: urban_goodz_age_verifications [idempotent guard present - safe to re-run]"
2026_07_09_000500_add_customer_age_confirmation_to_orders,"ALREADY REPRESENTED",orders,"all added columns present in baseline (1) [idempotent guard present - safe to re-run]"
2026_07_09_000600_create_ai_copilot_recommendations_table,"ALREADY REPRESENTED","ai_copilot_recommendations,ai_copilot_recommendations","baseline already contains: ai_copilot_recommendations [idempotent guard present - safe to re-run]"
2026_07_09_000700_create_ai_copilot_settings_table,"ALREADY REPRESENTED",ai_copilot_settings,"baseline already contains: ai_copilot_settings [idempotent guard present - safe to re-run]"
2026_07_09_000800_create_ai_action_logs_table,"ALREADY REPRESENTED",ai_action_logs,"baseline already contains: ai_action_logs [idempotent guard present - safe to re-run]"
2026_07_09_000900_create_ai_risk_rules_table,"ALREADY REPRESENTED",ai_risk_rules,"baseline already contains: ai_risk_rules [idempotent guard present - safe to re-run]"
2026_07_09_001000_create_ai_module_automation_settings_table,"ALREADY REPRESENTED",ai_module_automation_settings,"baseline already contains: ai_module_automation_settings [idempotent guard present - safe to re-run]"
2026_07_09_001100_add_driver_fields_to_business_client_jobs_table,"ALREADY REPRESENTED",urban_goodz_business_client_jobs,"all added columns present in baseline (4) [idempotent guard present - safe to re-run]"
2026_07_09_001200_add_capability_fields_to_delivery_men_table,"ALREADY REPRESENTED",delivery_men,"all added columns present in baseline (16) [idempotent guard present - safe to re-run]"
2026_07_09_020000_fix_route_packages_missing_portal_columns,"DUPLICATE ALTER",urban_goodz_route_packages,"partial overlap - present: manifest_id,dropoff_city,dropoff_state,dropoff_zip | absent: urban_goodz_route_packages,select count(1) as c from information_schema.statistics where table_schema = ? and table_name = ? and index_name = ?,select count(1) as c from information_schema.table_constraints where table_schema = ? and table_name = ? and constraint_name = ? and constraint_type = ?"
2026_07_09_213618_add_business_client_job_id_to_urban_goodz_driver_earnings_table,"ALREADY REPRESENTED",urban_goodz_driver_earnings,"all added columns present in baseline (1) [idempotent guard present - safe to re-run]"
2026_07_10_000001_add_trailer_cdl_commercial_fields_to_delivery_men_table,"ALREADY REPRESENTED",delivery_men,"all added columns present in baseline (26) [idempotent guard present - safe to re-run]"
2026_07_10_000002_fix_mail_config_smtp_host,UNKNOWN,,
2026_07_10_000003_add_brute_force_cols_to_email_verifications_table,"ALREADY REPRESENTED",email_verifications,"all added columns present in baseline (3) [idempotent guard present - safe to re-run]"
2026_07_10_000004_add_two_factor_auth_to_admins_table,"ALREADY REPRESENTED",admins,"all added columns present in baseline (4) [idempotent guard present - safe to re-run]"
2026_07_11_000001_add_vehicle_identity_fields_to_delivery_men_table,"ALREADY REPRESENTED",delivery_men,"all added columns present in baseline (15) [idempotent guard present - safe to re-run]"
2026_07_11_100000_create_urban_goodz_load_board_loads_table,"ALREADY REPRESENTED",urban_goodz_load_board_loads,"baseline already contains: urban_goodz_load_board_loads"
2026_07_12_000000_enhance_urban_goodz_medical_courier_jobs_table,"ALREADY REPRESENTED",urban_goodz_medical_courier_jobs,"all added columns present in baseline (26) [idempotent guard present - safe to re-run]"
2026_07_12_000001_add_neck_and_due_date_to_measurement_requests_table,"ALREADY REPRESENTED",urban_goodz_measurement_requests,"all added columns present in baseline (2) [idempotent guard present - safe to re-run]"
2026_07_12_000002_create_urban_goodz_book_anywhere_requests_table,"ALREADY REPRESENTED",urban_goodz_book_anywhere_requests,"baseline already contains: urban_goodz_book_anywhere_requests"
2026_07_12_000003_encrypt_mail_config_password,UNKNOWN,,
2026_07_12_100000_add_dispatch_company_support,"ALREADY REPRESENTED","urban_goodz_dispatch_commissions,urban_goodz_business_clients,urban_goodz_load_board_loads","baseline already contains: urban_goodz_dispatch_commissions [idempotent guard present - safe to re-run]"
2026_07_12_100000_create_fashion_fit_ai_workflow_tables,"APPLICABLE AFTER BASELINE","fashion_fit_profiles,fashion_fit_consents,fashion_fit_provider_profiles,fashion_fit_photos,fashion_fit_analyses,fashion_fit_measurements,fashion_fit_requests,fashion_fit_estimates,fashion_fit_access_grants,fashion_fit_audit_events","baseline missing table(s): fashion_fit_profiles,fashion_fit_consents,fashion_fit_provider_profiles,fashion_fit_photos,fashion_fit_analyses,fashion_fit_measurements,fashion_fit_requests,fashion_fit_estimates,fashion_fit_access_grants,fashion_fit_audit_events"
2026_07_12_120000_complete_creator_reel_commerce,"APPLICABLE AFTER BASELINE","creator_reel_tags,creator_commerce_attributions,creator_reel_reports,urban_goodz_creator_profiles,reels","baseline missing table(s): creator_reel_tags,creator_commerce_attributions,creator_reel_reports"
2026_07_12_130000_complete_service_booking_workflow,"APPLICABLE AFTER BASELINE","urban_goodz_provider_services,urban_goodz_provider_availability,urban_goodz_service_booking_events,urban_goodz_service_provider_earnings,urban_goodz_service_reviews,urban_goodz_service_providers,urban_goodz_service_requests","baseline missing table(s): urban_goodz_provider_services,urban_goodz_provider_availability,urban_goodz_service_booking_events,urban_goodz_service_provider_earnings,urban_goodz_service_reviews"
2026_07_12_150000_add_soft_deletes_to_urban_goodz_medical_courier_jobs,UNKNOWN,urban_goodz_medical_courier_jobs,"no parsable column operation (index/FK-only or dynamic)"
2026_07_12_200000_add_financial_workflow_to_load_board_loads,"APPLICABLE AFTER BASELINE","urban_goodz_load_board_audit_logs,urban_goodz_load_board_loads","baseline missing table(s): urban_goodz_load_board_audit_logs"
2026_07_13_000001_add_logistics_e2e_columns_and_tables,"APPLICABLE AFTER BASELINE","urban_goodz_load_board_bids,urban_goodz_dispatch_audit_logs,urban_goodz_driver_earnings","baseline missing table(s): urban_goodz_load_board_bids,urban_goodz_dispatch_audit_logs"
2026_07_13_000001_create_delivery_man_vehicles_table,"APPLICABLE AFTER BASELINE",delivery_man_vehicles,"baseline missing table(s): delivery_man_vehicles"
2026_07_13_000002_create_driver_certifications_table,"APPLICABLE AFTER BASELINE",driver_certifications,"baseline missing table(s): driver_certifications"
2026_07_13_000003_create_vendor_notifications_table,"APPLICABLE AFTER BASELINE",vendor_notifications,"baseline missing table(s): vendor_notifications"
2026_07_13_000004_add_delivery_man_id_and_applied_at_to_earn_money_applications_table,"APPLICABLE AFTER BASELINE",urban_goodz_earn_money_applications,"columns absent from baseline: delivery_man_id,delivery_men,applied_at"
2026_07_13_100000_create_load_sourcing_system_tables,"APPLICABLE AFTER BASELINE","load_sources,external_loads,load_source_credentials,load_source_searches,load_source_search_results,load_source_sync_runs,load_source_errors,load_recommendations,driver_load_preferences,dispatcher_saved_searches,load_imports,load_email_ingestions,load_duplicates,load_partner_referrals,load_sourcing_settings,load_sources,urban_goodz_load_board_loads","baseline missing table(s): load_sources,external_loads,load_source_credentials,load_source_searches,load_source_search_results,load_source_sync_runs,load_source_errors,load_recommendations,driver_load_preferences,dispatcher_saved_searches,load_imports,load_email_ingestions,load_duplicates,load_partner_referrals,load_sourcing_settings"
2026_07_16_140000_seed_urban_goodz_ai_intents,UNKNOWN,,
2026_07_16_140001_seed_urban_goodz_test_records,UNKNOWN,,
2026_07_16_150000_add_rbac_and_audit_to_business_portal,"APPLICABLE AFTER BASELINE","urban_goodz_business_portal_audit_logs,urban_goodz_business_portal_audit_logs,urban_goodz_business_client_users","baseline missing table(s): urban_goodz_business_portal_audit_logs"
2026_07_16_150001_create_urban_goodz_impersonation_sessions_table,"APPLICABLE AFTER BASELINE",urban_goodz_impersonation_sessions,"baseline missing table(s): urban_goodz_impersonation_sessions"
2026_07_16_160000_add_fulfillment_and_card_issuing_fields_to_order_anywhere_requests_table,"DUPLICATE ALTER",order_anywhere_requests,"partial overlap - present: payment_captured_at | absent: fulfillment_type,sourcing_status,shopper_id,shopper_status"
2026_07_17_100000_create_urban_goodz_driver_pricing_policies_table,"APPLICABLE AFTER BASELINE","urban_goodz_driver_pricing_policies,urban_goodz_driver_earnings","baseline missing table(s): urban_goodz_driver_pricing_policies"
2026_07_19_000001_create_urban_goodz_notifications_table,"APPLICABLE AFTER BASELINE",urban_goodz_notifications,"baseline missing table(s): urban_goodz_notifications"
2026_07_19_061756_create_urban_goodz_intake_batches_table,"APPLICABLE AFTER BASELINE",urban_goodz_intake_batches,"baseline missing table(s): urban_goodz_intake_batches"
2026_07_19_061757_create_urban_goodz_batch_participants_table,"APPLICABLE AFTER BASELINE",urban_goodz_batch_participants,"baseline missing table(s): urban_goodz_batch_participants"
2026_07_19_061758_create_urban_goodz_batch_packages_table,"APPLICABLE AFTER BASELINE",urban_goodz_batch_packages,"baseline missing table(s): urban_goodz_batch_packages"
2026_07_19_061759_create_urban_goodz_batch_package_audits_table,"APPLICABLE AFTER BASELINE",urban_goodz_batch_package_audits,"baseline missing table(s): urban_goodz_batch_package_audits"
2026_07_19_061800_create_urban_goodz_intake_batch_audits_table,"APPLICABLE AFTER BASELINE",urban_goodz_intake_batch_audits,"baseline missing table(s): urban_goodz_intake_batch_audits"
2026_07_19_110153_create_urban_goodz_route_clustering_audits_table,"APPLICABLE AFTER BASELINE",urban_goodz_route_clustering_audits,"baseline missing table(s): urban_goodz_route_clustering_audits"
2026_07_19_120000_add_intake_batch_id_and_route_label_to_dedicated_routes,"DUPLICATE ALTER",urban_goodz_dedicated_routes,"partial overlap - present: business_client_id | absent: intake_batch_id,urban_goodz_intake_batches,route_label"
2026_07_19_150000_add_private_endpoint_to_delivery_men,"APPLICABLE AFTER BASELINE",delivery_men,"columns absent from baseline: private_endpoint_address,private_endpoint_lat,private_endpoint_lng,private_endpoint_status"
2026_07_19_150100_create_urban_goodz_route_execution_versions_table,"APPLICABLE AFTER BASELINE",urban_goodz_route_execution_versions,"baseline missing table(s): urban_goodz_route_execution_versions"
2026_07_19_160000_create_ai_agents_table,"APPLICABLE AFTER BASELINE",ai_agents,"baseline missing table(s): ai_agents"
2026_07_19_160100_create_ai_tasks_table,"APPLICABLE AFTER BASELINE",ai_tasks,"baseline missing table(s): ai_tasks"
2026_07_19_160200_create_ai_workforce_actions_table,"APPLICABLE AFTER BASELINE",ai_workforce_actions,"baseline missing table(s): ai_workforce_actions"
2026_07_19_160300_create_ai_approvals_table,"APPLICABLE AFTER BASELINE",ai_approvals,"baseline missing table(s): ai_approvals"
2026_07_19_160400_create_merchant_prospects_table,"APPLICABLE AFTER BASELINE","merchant_prospects,merchant_prospect_order_anywhere","baseline missing table(s): merchant_prospects,merchant_prospect_order_anywhere"
2026_07_19_160500_create_ai_outreach_tables,"APPLICABLE AFTER BASELINE","ai_outreach_templates,ai_outreach_messages","baseline missing table(s): ai_outreach_templates,ai_outreach_messages"
2026_07_19_160600_create_ai_audit_events_table,"APPLICABLE AFTER BASELINE",ai_audit_events,"baseline missing table(s): ai_audit_events"
2026_07_19_160700_create_human_action_items_table,"APPLICABLE AFTER BASELINE",human_action_items,"baseline missing table(s): human_action_items"
2026_07_19_160800_create_business_needs_table,"APPLICABLE AFTER BASELINE",business_needs,"baseline missing table(s): business_needs"
2026_07_19_160900_create_ai_companion_contexts_table,"APPLICABLE AFTER BASELINE",ai_companion_contexts,"baseline missing table(s): ai_companion_contexts"
2026_07_21_000001_create_ai_dispatches_table,"APPLICABLE AFTER BASELINE",ai_dispatches,"baseline missing table(s): ai_dispatches"
2026_07_21_000002_add_order_id_to_order_anywhere_requests_table,"APPLICABLE AFTER BASELINE",order_anywhere_requests,"columns absent from baseline: order_id"
