TABLE,PROVEN CREATE MIGRATION,ALTER MIGRATIONS,MODELS,CONTROLLERS/SERVICES/OTHER USAGE,FOREIGN KEY REFERENCES,STATUS,EVIDENCE
account_transactions,,database/migrations/2023_11_21_160728_add_created_by_col_to_account_transactions_table.php,,,,BLOCKED: ALTERED WITHOUT PROVEN CREATE MIGRATION,No Schema::create located; authoritative schema export required
add_ons,,database/migrations/2025_06_01_130624_add_addon_category_id_col_to_add_ons_table.php,,app/Repositories/AddonRepository.php,,BLOCKED: ALTERED WITHOUT PROVEN CREATE MIGRATION,No Schema::create located; authoritative schema export required
addon_categories,database/migrations/2025_06_01_125609_create_addon_categories_table.php,,,,,MIGRATION BASELINE PRESENT,Schema::create located in committed migration
addon_settings,,,app/Models/Setting.php,app/CentralLogics/Helpers.php; app/CentralLogics/SMS_module.php; app/Http/Controllers/Admin/SMSModuleController.php; app/Http/Controllers/UpdateController.php; app/Http/Controllers/Vendor/WalletController.php; app/Traits/Processor.php; app/helpers.php,,REFERENCED WITHOUT PROVEN CREATE MIGRATION,No Schema::create located; authoritative schema export required
admin_features,database/migrations/2023_05_04_101825_create_admin_features_table.php,,,,,MIGRATION BASELINE PRESENT,Schema::create located in committed migration
admin_promotional_banners,database/migrations/2023_05_04_100930_create_admin_promotional_banners_table.php,,,,,MIGRATION BASELINE PRESENT,Schema::create located in committed migration
admin_special_criterias,database/migrations/2023_05_04_102015_create_admin_special_criterias_table.php,,,,,MIGRATION BASELINE PRESENT,Schema::create located in committed migration
admin_testimonials,database/migrations/2023_05_07_152523_create_admin_testimonials_table.php,,,,,MIGRATION BASELINE PRESENT,Schema::create located in committed migration
admin_wallets,,database/migrations/2023_01_30_114113_change_delivery_charge_column_type_to_admin_wallets_table.php,,,,BLOCKED: ALTERED WITHOUT PROVEN CREATE MIGRATION,No Schema::create located; authoritative schema export required
admins,,database/migrations/2022_10_22_115553_add_is_logged_column_to_admins_table.php; database/migrations/2025_07_22_130717_add_login_remember_token_to_admins_table.php; database/migrations/2026_07_10_000004_add_two_factor_auth_to_admins_table.php,,app/Http/Controllers/InstallController.php; app/Http/Controllers/LoginController.php,database/migrations/2026_07_09_000400_create_urban_goodz_age_verifications_table.php; database/migrations/2026_07_09_000600_create_ai_copilot_recommendations_table.php; database/migrations/2026_07_09_000800_create_ai_action_logs_table.php; database/migrations/2026_07_12_120000_complete_creator_reel_commerce.php; database/migrations/2026_07_16_150000_add_rbac_and_audit_to_business_portal.php; database/migrations/2026_07_16_150001_create_urban_goodz_impersonation_sessions_table.php,BLOCKED: ALTERED WITHOUT PROVEN CREATE MIGRATION,No Schema::create located; authoritative schema export required
advertisements,database/migrations/2024_07_07_111841_create_advertisements_table.php,,,,,MIGRATION BASELINE PRESENT,Schema::create located in committed migration
ai_action_logs,database/migrations/2026_07_09_000800_create_ai_action_logs_table.php,,app/Models/AiActionLog.php,app/Http/Controllers/Admin/UrbanGoodz/BusinessAiLogisticsController.php,,MIGRATION BASELINE PRESENT,Schema::create located in committed migration
ai_agents,database/migrations/2026_07_19_160000_create_ai_agents_table.php,,,,database/migrations/2026_07_19_160100_create_ai_tasks_table.php; database/migrations/2026_07_19_160200_create_ai_workforce_actions_table.php; database/migrations/2026_07_19_160500_create_ai_outreach_tables.php; database/migrations/2026_07_19_160600_create_ai_audit_events_table.php,MIGRATION BASELINE PRESENT,Schema::create located in committed migration
ai_approvals,database/migrations/2026_07_19_160300_create_ai_approvals_table.php,,,,,MIGRATION BASELINE PRESENT,Schema::create located in committed migration
ai_audit_events,database/migrations/2026_07_19_160600_create_ai_audit_events_table.php,,,,,MIGRATION BASELINE PRESENT,Schema::create located in committed migration
ai_companion_contexts,database/migrations/2026_07_19_160900_create_ai_companion_contexts_table.php,,,,,MIGRATION BASELINE PRESENT,Schema::create located in committed migration
ai_copilot_recommendations,database/migrations/2026_07_09_000600_create_ai_copilot_recommendations_table.php,database/migrations/2026_07_09_000600_create_ai_copilot_recommendations_table.php,,,database/migrations/2026_07_09_000800_create_ai_action_logs_table.php,MIGRATION BASELINE PRESENT,Schema::create located in committed migration
ai_copilot_settings,database/migrations/2026_07_09_000700_create_ai_copilot_settings_table.php,,,,,MIGRATION BASELINE PRESENT,Schema::create located in committed migration
ai_dispatches,database/migrations/2026_07_21_000001_create_ai_dispatches_table.php,,app/Models/AiDispatch.php,,,MIGRATION BASELINE PRESENT,Schema::create located in committed migration
ai_module_automation_settings,database/migrations/2026_07_09_001000_create_ai_module_automation_settings_table.php,,app/Models/AiModuleAutomationSetting.php,,,MIGRATION BASELINE PRESENT,Schema::create located in committed migration
ai_outreach_messages,database/migrations/2026_07_19_160500_create_ai_outreach_tables.php,,,,,MIGRATION BASELINE PRESENT,Schema::create located in committed migration
ai_outreach_templates,database/migrations/2026_07_19_160500_create_ai_outreach_tables.php,,,,database/migrations/2026_07_19_160500_create_ai_outreach_tables.php,MIGRATION BASELINE PRESENT,Schema::create located in committed migration
ai_risk_rules,database/migrations/2026_07_09_000900_create_ai_risk_rules_table.php,,app/Models/AiRiskRule.php,,,MIGRATION BASELINE PRESENT,Schema::create located in committed migration
ai_tasks,database/migrations/2026_07_19_160100_create_ai_tasks_table.php,,,,database/migrations/2026_07_19_160200_create_ai_workforce_actions_table.php; database/migrations/2026_07_19_160500_create_ai_outreach_tables.php; database/migrations/2026_07_19_160600_create_ai_audit_events_table.php,MIGRATION BASELINE PRESENT,Schema::create located in committed migration
ai_workforce_actions,database/migrations/2026_07_19_160200_create_ai_workforce_actions_table.php,,,,database/migrations/2026_07_19_160300_create_ai_approvals_table.php; database/migrations/2026_07_19_160600_create_ai_audit_events_table.php,MIGRATION BASELINE PRESENT,Schema::create located in committed migration
allergies,database/migrations/2024_09_12_120019_create_allergies_table.php,,,,,MIGRATION BASELINE PRESENT,Schema::create located in committed migration
allergy_item,database/migrations/2024_09_12_121929_create_allergy_item_table.php,,,,,MIGRATION BASELINE PRESENT,Schema::create located in committed migration
allergy_item_campaign,database/migrations/2024_10_22_103440_create_allergy_item_campaign_table.php,,,,,MIGRATION BASELINE PRESENT,Schema::create located in committed migration
analytic_scripts,database/migrations/2025_09_20_155910_create_analytic_scripts_table.php,,,,,MIGRATION BASELINE PRESENT,Schema::create located in committed migration
automated_messages,database/migrations/2024_09_11_105938_create_automated_messages_table.php,database/migrations/2026_02_04_164604_add_question_column_in_automated_messages_table.php,,,,MIGRATION BASELINE PRESENT,Schema::create located in committed migration
banners,,database/migrations/2022_10_19_165501_add_default_link_column_to_banners_table.php; database/migrations/2023_08_20_143852_add_created_by_col_to_banners_table.php,,,,BLOCKED: ALTERED WITHOUT PROVEN CREATE MIGRATION,No Schema::create located; authoritative schema export required
brands,database/migrations/2024_04_02_112611_create_brands_table.php,database/migrations/2025_03_09_102816_add_module_id_col_to_brands_table.php,,,,MIGRATION BASELINE PRESENT,Schema::create located in committed migration
business_needs,database/migrations/2026_07_19_160800_create_business_needs_table.php,,,,,MIGRATION BASELINE PRESENT,Schema::create located in committed migration
business_settings,,,,app/Http/Controllers/InstallController.php,,REFERENCED WITHOUT PROVEN CREATE MIGRATION,No Schema::create located; authoritative schema export required
cache,database/migrations/2024_11_17_104649_create_cache_table.php,,,app/CentralLogics/Helpers.php; app/Observers/BannerObserver.php; app/Observers/BusinessSettingObserver.php; app/Observers/DataSettingObserver.php; app/Observers/ModuleObserver.php,,MIGRATION BASELINE PRESENT,Schema::create located in committed migration
cache_locks,database/migrations/2024_11_17_104649_create_cache_table.php,,,,,MIGRATION BASELINE PRESENT,Schema::create located in committed migration
campaign_store,,database/migrations/2023_02_26_144503_add_campaign_status_to_campaign_store_table.php; database/migrations/2026_03_25_171011_add_timestamps_to_campaign_store_table.php,,,,BLOCKED: ALTERED WITHOUT PROVEN CREATE MIGRATION,No Schema::create located; authoritative schema export required
campaigns,,database/migrations/2026_01_21_112637_add_slug_column_to_campaigns_table.php,,,,BLOCKED: ALTERED WITHOUT PROVEN CREATE MIGRATION,No Schema::create located; authoritative schema export required
carts,database/migrations/2023_09_07_131829_create_carts_table.php,,,,,MIGRATION BASELINE PRESENT,Schema::create located in committed migration
cash_back_histories,database/migrations/2024_04_02_133855_create_cash_back_histories_table.php,database/migrations/2025_01_01_122538_add_trip_id_to_cash_back_histories.php,,app/CentralLogics/Helpers.php; app/Http/Controllers/Api/V1/CashBackController.php,,MIGRATION BASELINE PRESENT,Schema::create located in committed migration
cash_backs,database/migrations/2024_04_01_124630_create_cash_backs_table.php,database/migrations/2024_12_24_112837_add_to_col_cash_backs_table.php,,,,MIGRATION BASELINE PRESENT,Schema::create located in committed migration
categories,,database/migrations/2023_01_23_144001_add_slug_to_categories_table.php; database/migrations/2023_05_18_093438_add_featured_col_to_categories_table.php; database/migrations/2025_07_27_152011_add_index_to_categories_table.php,,app/CentralLogics/CategoryLogic.php; app/CentralLogics/StoreLogic.php; app/Console/Commands/ImportUrbanGoodzCleanedBusinesses.php; app/Console/Commands/UrbanGoodzSourcedBusinessCategoryBackfill.php; app/Console/Commands/UrbanGoodzSourcedBusinessFasttrackApprove.php; app/Console/Commands/UrbanGoodzSourcedBusinessProvision.php; app/Console/Commands/UrbanGoodzTaxonomyRepair.php; app/Http/Controllers/Api/V1/ItemController.php; app/Http/Controllers/Api/V1/StoreController.php; app/Repositories/CategoryRepository.php; app/Services/UrbanGoodzIngestionService.php; app/Services/UrbanGoodz/AIMarketplaceSearchService.php,,BLOCKED: ALTERED WITHOUT PROVEN CREATE MIGRATION,No Schema::create located; authoritative schema export required
common_conditions,database/migrations/2023_08_24_123045_create_common_conditions_table.php,,,,,MIGRATION BASELINE PRESENT,Schema::create located in committed migration
contacts,database/migrations/2022_11_13_130054_create_contacts_table.php,,,,,MIGRATION BASELINE PRESENT,Schema::create located in committed migration
conversations,database/migrations/2022_09_10_112203_create_conversations_table.php,,,,,MIGRATION BASELINE PRESENT,Schema::create located in committed migration
coupons,,database/migrations/2023_02_27_161418_add_created_by_columns_to_coupons_table.php,,,,BLOCKED: ALTERED WITHOUT PROVEN CREATE MIGRATION,No Schema::create located; authoritative schema export required
creator_commerce_attributions,database/migrations/2026_07_12_120000_complete_creator_reel_commerce.php,,,,,MIGRATION BASELINE PRESENT,Schema::create located in committed migration
creator_reel_reports,database/migrations/2026_07_12_120000_complete_creator_reel_commerce.php,,,,,MIGRATION BASELINE PRESENT,Schema::create located in committed migration
creator_reel_tags,database/migrations/2026_07_12_120000_complete_creator_reel_commerce.php,,,,,MIGRATION BASELINE PRESENT,Schema::create located in committed migration
customer_addresses,database/migrations/2022_05_10_000000_create_customer_addresses_table.php,,,app/Http/Controllers/Api/V1/CustomerController.php; app/Http/Controllers/Vendor/OrderController.php,,MIGRATION BASELINE PRESENT,Schema::create located in committed migration
d_m_reviews,,,,app/Models/DeliveryMan.php,,REFERENCED WITHOUT PROVEN CREATE MIGRATION,No Schema::create located; authoritative schema export required
d_m_vehicles,database/migrations/2023_02_25_133200_create_d_m_vehicles_table.php,database/migrations/2026_02_04_152345_add_ride_related_columns_in_d_m_vehicles_table.php,,app/Console/Commands/UrbanGoodzEcosystemTest.php,,MIGRATION BASELINE PRESENT,Schema::create located in committed migration
data_settings,database/migrations/2023_05_04_100012_create_data_settings_table.php,,,,,MIGRATION BASELINE PRESENT,Schema::create located in committed migration
delivery_histories,,,,app/Http/Controllers/UpdateController.php,,REFERENCED WITHOUT PROVEN CREATE MIGRATION,No Schema::create located; authoritative schema export required
delivery_man_vehicles,database/migrations/2026_07_13_000001_create_delivery_man_vehicles_table.php,,,,,MIGRATION BASELINE PRESENT,Schema::create located in committed migration
delivery_men,,database/migrations/2023_02_25_133302_add_vehicle_id_column_to_delivery_men_table.php; database/migrations/2025_11_27_132943_update_identity_image_column_in_delivery_men_table.php; database/migrations/2026_06_04_162817_add_join_as_col_to_delivery_men_table.php; database/migrations/2026_07_09_001200_add_capability_fields_to_delivery_men_table.php; database/migrations/2026_07_10_000001_add_trailer_cdl_commercial_fields_to_delivery_men_table.php; database/migrations/2026_07_11_000001_add_vehicle_identity_fields_to_delivery_men_table.php; database/migrations/2026_07_19_150000_add_private_endpoint_to_delivery_men.php,,app/Console/Commands/UrbanGoodzEcosystemTest.php; app/Http/Controllers/Api/V1/Auth/DMPasswordResetController.php,database/migrations/2026_07_06_180000_create_urban_goodz_backend_modules_tables.php; database/migrations/2026_07_09_000400_create_urban_goodz_age_verifications_table.php; database/migrations/2026_07_13_000001_add_logistics_e2e_columns_and_tables.php; database/migrations/2026_07_13_000001_create_delivery_man_vehicles_table.php; database/migrations/2026_07_13_000002_create_driver_certifications_table.php; database/migrations/2026_07_13_000004_add_delivery_man_id_and_applied_at_to_earn_money_applications_table.php; database/migrations/2026_07_13_100000_create_load_sourcing_system_tables.php; database/migrations/2026_07_19_150100_create_urban_goodz_route_execution_versions_table.php,BLOCKED: ALTERED WITHOUT PROVEN CREATE MIGRATION,No Schema::create located; authoritative schema export required
deliveryman_loyalty_point_histories,database/migrations/2025_11_27_141050_create_deliveryman_loyalty_point_histories_table.php,,,,,MIGRATION BASELINE PRESENT,Schema::create located in committed migration
deliveryman_referral_histories,database/migrations/2025_11_30_093640_create_deliveryman_referral_histories_table.php,,,,,MIGRATION BASELINE PRESENT,Schema::create located in committed migration
disbursement_details,database/migrations/2023_11_21_124049_create_disbursement_details_table.php,,,,,MIGRATION BASELINE PRESENT,Schema::create located in committed migration
disbursement_withdrawal_methods,database/migrations/2023_11_21_123229_create_disbursement_withdrawal_methods_table.php,,,app/Http/Controllers/Api/V1/Vendor/WithdrawMethodController.php; app/Http/Controllers/Vendor/WalletMethodController.php,,MIGRATION BASELINE PRESENT,Schema::create located in committed migration
disbursements,database/migrations/2023_11_21_123320_create_disbursements_table.php,,,,,MIGRATION BASELINE PRESENT,Schema::create located in committed migration
discounts,,,,app/CentralLogics/StoreLogic.php,,REFERENCED WITHOUT PROVEN CREATE MIGRATION,No Schema::create located; authoritative schema export required
dispatcher_saved_searches,database/migrations/2026_07_13_100000_create_load_sourcing_system_tables.php,,app/Models/DispatcherSavedSearch.php,,,MIGRATION BASELINE PRESENT,Schema::create located in committed migration
driver_certifications,database/migrations/2026_07_13_000002_create_driver_certifications_table.php,,,,,MIGRATION BASELINE PRESENT,Schema::create located in committed migration
driver_exception_reports,,,,app/Http/Controllers/Admin/UrbanGoodz/BusinessAiLogisticsController.php,,REFERENCED WITHOUT PROVEN CREATE MIGRATION,No Schema::create located; authoritative schema export required
driver_load_preferences,database/migrations/2026_07_13_100000_create_load_sourcing_system_tables.php,,app/Models/DriverLoadPreference.php,,,MIGRATION BASELINE PRESENT,Schema::create located in committed migration
ecommerce_item_details,database/migrations/2024_04_02_122002_create_ecommerce_item_details_table.php,database/migrations/2025_02_06_163705_add_temp_product_id_col_to__ecommerce_item_details.php,,app/Http/Controllers/Admin/ItemController.php; app/Http/Controllers/Api/V1/Vendor/ItemController.php; app/Http/Controllers/Vendor/ItemController.php,,MIGRATION BASELINE PRESENT,Schema::create located in committed migration
email_templates,database/migrations/2023_05_09_170006_create_email_templates_table.php,database/migrations/2024_04_01_130644_add_body_2_col_to_email_templates_table.php,,,,MIGRATION BASELINE PRESENT,Schema::create located in committed migration
email_verifications,,database/migrations/2026_07_10_000003_add_brute_force_cols_to_email_verifications_table.php,,app/Http/Controllers/Api/V1/Auth/CustomerAuthController.php; app/Http/Controllers/Api/V1/CustomerController.php,,BLOCKED: ALTERED WITHOUT PROVEN CREATE MIGRATION,No Schema::create located; authoritative schema export required
expenses,database/migrations/2022_11_15_111925_create_expenses_table.php,database/migrations/2022_12_29_103803_add_order_id_column_to_expenses_table.php; database/migrations/2023_01_07_180000_add_description_to_expenses_table.php; database/migrations/2023_02_27_161533_add_created_by_columns_to_expenses_table.php; database/migrations/2023_03_02_143919_change_amount_column_to_expenses_table.php; database/migrations/2023_07_10_153950_add_user_id_col_to_expenses_table.php; database/migrations/2024_12_31_170522_add_trip_id_col_to_expense_table.php; database/migrations/2026_04_16_140158_add_ride_id_col_to_expenses_table.php,,,,MIGRATION BASELINE PRESENT,Schema::create located in committed migration
external_configurations,database/migrations/2024_07_28_131816_create_external_configurations_table.php,,,app/Http/Controllers/Admin/ExternalConfigurationController.php; app/Http/Controllers/Api/V1/ExternalConfigurationController.php,,MIGRATION BASELINE PRESENT,Schema::create located in committed migration
external_loads,database/migrations/2026_07_13_100000_create_load_sourcing_system_tables.php,,app/Models/ExternalLoad.php,app/Http/Controllers/Admin/UrbanGoodz/BusinessAiLogisticsController.php,database/migrations/2026_07_13_100000_create_load_sourcing_system_tables.php,MIGRATION BASELINE PRESENT,Schema::create located in committed migration
f_a_q_s,database/migrations/2025_10_23_160409_create_f_a_q_s_table.php,,,,,MIGRATION BASELINE PRESENT,Schema::create located in committed migration
fashion_fit_access_grants,database/migrations/2026_07_12_100000_create_fashion_fit_ai_workflow_tables.php,,,,,MIGRATION BASELINE PRESENT,Schema::create located in committed migration
fashion_fit_analyses,database/migrations/2026_07_12_100000_create_fashion_fit_ai_workflow_tables.php,,,,,MIGRATION BASELINE PRESENT,Schema::create located in committed migration
fashion_fit_audit_events,database/migrations/2026_07_12_100000_create_fashion_fit_ai_workflow_tables.php,,,,,MIGRATION BASELINE PRESENT,Schema::create located in committed migration
fashion_fit_consents,database/migrations/2026_07_12_100000_create_fashion_fit_ai_workflow_tables.php,,,,,MIGRATION BASELINE PRESENT,Schema::create located in committed migration
fashion_fit_estimates,database/migrations/2026_07_12_100000_create_fashion_fit_ai_workflow_tables.php,,,,,MIGRATION BASELINE PRESENT,Schema::create located in committed migration
fashion_fit_measurements,database/migrations/2026_07_12_100000_create_fashion_fit_ai_workflow_tables.php,,,,,MIGRATION BASELINE PRESENT,Schema::create located in committed migration
fashion_fit_photos,database/migrations/2026_07_12_100000_create_fashion_fit_ai_workflow_tables.php,,,,,MIGRATION BASELINE PRESENT,Schema::create located in committed migration
fashion_fit_profiles,database/migrations/2026_07_12_100000_create_fashion_fit_ai_workflow_tables.php,,,,,MIGRATION BASELINE PRESENT,Schema::create located in committed migration
fashion_fit_provider_profiles,database/migrations/2026_07_12_100000_create_fashion_fit_ai_workflow_tables.php,,,,,MIGRATION BASELINE PRESENT,Schema::create located in committed migration
fashion_fit_requests,database/migrations/2026_07_12_100000_create_fashion_fit_ai_workflow_tables.php,,,,,MIGRATION BASELINE PRESENT,Schema::create located in committed migration
flash_sale_items,database/migrations/2023_08_28_134428_create_flash_sale_items_table.php,,,,,MIGRATION BASELINE PRESENT,Schema::create located in committed migration
flash_sales,database/migrations/2023_08_28_114316_create_flash_sales_table.php,,,,,MIGRATION BASELINE PRESENT,Schema::create located in committed migration
flutter_special_criterias,database/migrations/2023_05_07_173609_create_flutter_special_criterias_table.php,,,,,MIGRATION BASELINE PRESENT,Schema::create located in committed migration
generic_names,database/migrations/2024_09_15_112118_create_generic_names_table.php,,,,,MIGRATION BASELINE PRESENT,Schema::create located in committed migration
guests,database/migrations/2023_08_21_173527_create_guests_table.php,,,,,MIGRATION BASELINE PRESENT,Schema::create located in committed migration
human_action_items,database/migrations/2026_07_19_160700_create_human_action_items_table.php,,,,,MIGRATION BASELINE PRESENT,Schema::create located in committed migration
item_campaign_generic_names,database/migrations/2024_10_22_103402_create_item_campaign_generic_names_table.php,,app/Models/ItemCampaignGenericName.php,,,MIGRATION BASELINE PRESENT,Schema::create located in committed migration
item_campaign_nutrition,database/migrations/2024_10_22_103509_create_item_campaign_nutrition_table.php,,,,,MIGRATION BASELINE PRESENT,Schema::create located in committed migration
item_campaigns,,database/migrations/2023_01_10_124723_add_food_variations_column_to_item_campaigns_table.php; database/migrations/2023_01_23_144119_add_slug_to_item_campaigns_table.php; database/migrations/2023_07_19_124016_add_maximum_cart_quantity_col_to_item_campaigns_table.php,,,,BLOCKED: ALTERED WITHOUT PROVEN CREATE MIGRATION,No Schema::create located; authoritative schema export required
item_generic_names,database/migrations/2024_09_15_112537_create_item_generic_names_table.php,,app/Models/ItemGenericName.php,,,MIGRATION BASELINE PRESENT,Schema::create located in committed migration
item_nutrition,database/migrations/2024_09_12_121941_create_item_nutrition_table.php,,,,,MIGRATION BASELINE PRESENT,Schema::create located in committed migration
item_seo_data,database/migrations/2026_01_08_150355_create_item_seo_data_table.php,,,app/Http/Controllers/Admin/ItemController.php,,MIGRATION BASELINE PRESENT,Schema::create located in committed migration
item_tag,database/migrations/2023_01_02_113235_item_tag.php,,,,,MIGRATION BASELINE PRESENT,Schema::create located in committed migration
items,,database/migrations/2022_12_20_104455_add_food_variations_column_to_items_table.php; database/migrations/2023_01_23_103943_add_slug_to_items_table.php; database/migrations/2023_02_26_162224_add_recommened_to_items_table.php; database/migrations/2023_05_18_163841_add_organic_col_to_items_table.php; database/migrations/2023_07_05_104537_add_maximum_cart_quantity_col_to_items_table.php; database/migrations/2023_08_14_153229_add_is_approved_col_to_items_table.php; database/migrations/2024_04_01_130213_add_is_halal_col_to_items_table.php; database/migrations/2025_07_24_123609_add_index_to_items_table.php; database/migrations/2026_04_13_000001_add_product_video_columns_to_items_and_temp_products_tables.php; database/migrations/2026_07_09_000300_add_age_restricted_compliance_fields.php,,app/CentralLogics/CategoryLogic.php; app/CentralLogics/Helpers.php; app/CentralLogics/StoreLogic.php; app/Http/Controllers/Admin/ItemController.php; app/Http/Controllers/Admin/VendorController.php; app/Http/Controllers/Api/V1/ItemController.php; app/Http/Controllers/Api/V1/StoreController.php; app/Http/Controllers/Vendor/ItemController.php; app/Services/UrbanGoodz/AIMarketplaceSearchService.php; app/Traits/PlaceNewOrder.php,,BLOCKED: ALTERED WITHOUT PROVEN CREATE MIGRATION,No Schema::create located; authoritative schema export required
jobs,database/migrations/2022_04_12_215009_create_jobs_table.php,,,,,MIGRATION BASELINE PRESENT,Schema::create located in committed migration
load_duplicates,database/migrations/2026_07_13_100000_create_load_sourcing_system_tables.php,,app/Models/LoadDuplicate.php,,,MIGRATION BASELINE PRESENT,Schema::create located in committed migration
load_email_ingestions,database/migrations/2026_07_13_100000_create_load_sourcing_system_tables.php,,app/Models/LoadEmailIngestion.php,,,MIGRATION BASELINE PRESENT,Schema::create located in committed migration
load_imports,database/migrations/2026_07_13_100000_create_load_sourcing_system_tables.php,,app/Models/LoadImport.php,,,MIGRATION BASELINE PRESENT,Schema::create located in committed migration
load_partner_referrals,database/migrations/2026_07_13_100000_create_load_sourcing_system_tables.php,,app/Models/LoadPartnerReferral.php,,,MIGRATION BASELINE PRESENT,Schema::create located in committed migration
load_recommendations,database/migrations/2026_07_13_100000_create_load_sourcing_system_tables.php,,app/Models/LoadRecommendation.php,,,MIGRATION BASELINE PRESENT,Schema::create located in committed migration
load_source_credentials,database/migrations/2026_07_13_100000_create_load_sourcing_system_tables.php,,app/Models/LoadSourceCredential.php,,,MIGRATION BASELINE PRESENT,Schema::create located in committed migration
load_source_errors,database/migrations/2026_07_13_100000_create_load_sourcing_system_tables.php,,app/Models/LoadSourceError.php,,,MIGRATION BASELINE PRESENT,Schema::create located in committed migration
load_source_search_results,database/migrations/2026_07_13_100000_create_load_sourcing_system_tables.php,,app/Models/LoadSourceSearchResult.php,,,MIGRATION BASELINE PRESENT,Schema::create located in committed migration
load_source_searches,database/migrations/2026_07_13_100000_create_load_sourcing_system_tables.php,,app/Models/LoadSourceSearch.php,,database/migrations/2026_07_13_100000_create_load_sourcing_system_tables.php,MIGRATION BASELINE PRESENT,Schema::create located in committed migration
load_source_sync_runs,database/migrations/2026_07_13_100000_create_load_sourcing_system_tables.php,,app/Models/LoadSourceSyncRun.php,,database/migrations/2026_07_13_100000_create_load_sourcing_system_tables.php,MIGRATION BASELINE PRESENT,Schema::create located in committed migration
load_sources,database/migrations/2026_07_13_100000_create_load_sourcing_system_tables.php,database/migrations/2026_07_13_100000_create_load_sourcing_system_tables.php,app/Models/LoadSource.php,,database/migrations/2026_07_13_100000_create_load_sourcing_system_tables.php,MIGRATION BASELINE PRESENT,Schema::create located in committed migration
load_sourcing_settings,database/migrations/2026_07_13_100000_create_load_sourcing_system_tables.php,,app/Models/LoadSourcingSetting.php,,,MIGRATION BASELINE PRESENT,Schema::create located in committed migration
load_sourcing_sources,,,,app/Http/Controllers/Admin/UrbanGoodz/BusinessAiLogisticsController.php,,REFERENCED WITHOUT PROVEN CREATE MIGRATION,No Schema::create located; authoritative schema export required
loyalty_point_transactions,database/migrations/2022_03_31_103827_create_loyalty_point_transactions_table.php,,,,,MIGRATION BASELINE PRESENT,Schema::create located in committed migration
merchant_prospect_order_anywhere,database/migrations/2026_07_19_160400_create_merchant_prospects_table.php,,,app/Services/UrbanGoodz/AiMerchantAcquisitionService.php,,MIGRATION BASELINE PRESENT,Schema::create located in committed migration
merchant_prospects,database/migrations/2026_07_19_160400_create_merchant_prospects_table.php,,,,database/migrations/2026_07_19_160400_create_merchant_prospects_table.php; database/migrations/2026_07_19_160500_create_ai_outreach_tables.php,MIGRATION BASELINE PRESENT,Schema::create located in committed migration
messages,database/migrations/2022_09_10_112220_create_messages_table.php,database/migrations/2024_05_28_110550_add_change_file_column_to_messages_table.php; database/migrations/2024_09_11_134421_add_ordre_id_col_to_messages_table.php,,,,MIGRATION BASELINE PRESENT,Schema::create located in committed migration
module_wise_banners,database/migrations/2023_08_26_164947_create_module_wise_banners_table.php,,,,,MIGRATION BASELINE PRESENT,Schema::create located in committed migration
module_wise_why_chooses,database/migrations/2023_08_27_123438_create_module_wise_why_chooses_table.php,,,,,MIGRATION BASELINE PRESENT,Schema::create located in committed migration
module_zone,database/migrations/2022_10_20_105050_module_zone.php,database/migrations/2022_12_29_105321_add_maximum_cod_order_amount_column_to_module_zone_table.php; database/migrations/2023_02_25_163329_add_maximum_delivery_charge_column_to_module_zone_table.php; database/migrations/2025_07_13_160717_add_charge_type_col_to_module_zone_table.php,,,,MIGRATION BASELINE PRESENT,Schema::create located in committed migration
modules,database/migrations/2014_10_12_000001_create_modules_table.php,database/migrations/2022_05_14_155444_add_all_zones_column_to_modules_table.php; database/migrations/2026_01_21_103359_add_slug_to_modules_table.php,,app/CentralLogics/Helpers.php; app/Console/Commands/UrbanGoodzSourcedBusinessFasttrackApprove.php; app/Console/Commands/UrbanGoodzSourcedBusinessProvision.php; app/Console/Commands/UrbanGoodzTaxonomyRepair.php; app/Http/Controllers/Admin/UrbanGoodz/UrbanGoodzSourcedBusinessReviewController.php; app/Services/UrbanGoodzIngestionService.php,,MIGRATION BASELINE PRESENT,Schema::create located in committed migration
newsletters,database/migrations/2022_04_10_030533_create_newsletters_table.php,,,,,MIGRATION BASELINE PRESENT,Schema::create located in committed migration
notification_messages,database/migrations/2022_12_31_111437_create_notification_messages_table.php,,,,,MIGRATION BASELINE PRESENT,Schema::create located in committed migration
notification_settings,database/migrations/2024_07_07_112117_create_notification_settings_table.php,database/migrations/2024_12_14_131104_add_module_type_to_notification_settings_table.php,,,,MIGRATION BASELINE PRESENT,Schema::create located in committed migration
nutritions,database/migrations/2024_09_12_115801_create_nutritions_table.php,,app/Models/Nutrition.php,,,MIGRATION BASELINE PRESENT,Schema::create located in committed migration
oauth_access_tokens,database/migrations/2016_06_01_000002_create_oauth_access_tokens_table.php,,,,,MIGRATION BASELINE PRESENT,Schema::create located in committed migration
oauth_auth_codes,database/migrations/2016_06_01_000001_create_oauth_auth_codes_table.php,,,,,MIGRATION BASELINE PRESENT,Schema::create located in committed migration
oauth_clients,database/migrations/2016_06_01_000004_create_oauth_clients_table.php,,,,,MIGRATION BASELINE PRESENT,Schema::create located in committed migration
oauth_personal_access_clients,database/migrations/2016_06_01_000005_create_oauth_personal_access_clients_table.php,,,,,MIGRATION BASELINE PRESENT,Schema::create located in committed migration
oauth_refresh_tokens,database/migrations/2016_06_01_000003_create_oauth_refresh_tokens_table.php,,,,,MIGRATION BASELINE PRESENT,Schema::create located in committed migration
offline_payment_methods,database/migrations/2023_08_10_131937_create_offline_payment_methods_table.php,,,,,MIGRATION BASELINE PRESENT,Schema::create located in committed migration
offline_payments,database/migrations/2023_08_10_132315_create_offline_payments_table.php,,,,,MIGRATION BASELINE PRESENT,Schema::create located in committed migration
order_anywhere_requests,database/migrations/2026_07_03_000001_create_order_anywhere_requests_table.php,database/migrations/2026_07_03_000004_add_payment_fields_to_order_anywhere_requests_table.php; database/migrations/2026_07_06_100000_add_missing_fields_to_order_anywhere_requests_table.php; database/migrations/2026_07_06_110000_add_driver_assignment_fields_to_order_anywhere_requests_table.php; database/migrations/2026_07_06_140005_add_itemized_pricing_to_order_anywhere_requests_table.php; database/migrations/2026_07_09_000001_add_payment_link_fields_to_order_anywhere_requests_table.php; database/migrations/2026_07_09_000003_add_provider_neutral_columns_to_order_anywhere_requests_table.php; database/migrations/2026_07_09_000005_add_connect_fields_to_order_anywhere_requests_table.php; database/migrations/2026_07_16_160000_add_fulfillment_and_card_issuing_fields_to_order_anywhere_requests_table.php; database/migrations/2026_07_21_000002_add_order_id_to_order_anywhere_requests_table.php,,,database/migrations/2026_07_19_160400_create_merchant_prospects_table.php,MIGRATION BASELINE PRESENT,Schema::create located in committed migration
order_cancel_reasons,database/migrations/2023_02_27_111635_create_order_cancel_reasons_table.php,,,,,MIGRATION BASELINE PRESENT,Schema::create located in committed migration
order_details,,database/migrations/2022_12_21_154227_alter_table_order_details_change_variation.php; database/migrations/2025_06_14_154744_add_discount_data_on_order_details_table.php,,app/CentralLogics/ProductLogic.php; app/Http/Controllers/Admin/ReportController.php; app/Services/UrbanGoodz/AIMarketplaceSearchService.php,,BLOCKED: ALTERED WITHOUT PROVEN CREATE MIGRATION,No Schema::create located; authoritative schema export required
order_payments,database/migrations/2023_07_06_144944_create_order_payments_table.php,,,,,MIGRATION BASELINE PRESENT,Schema::create located in committed migration
order_references,database/migrations/2024_01_17_105010_create_order_references_table.php,,,,,MIGRATION BASELINE PRESENT,Schema::create located in committed migration
order_taxes,,,,app/Http/Controllers/Api/V1/Vendor/ReportController.php; app/Http/Controllers/Vendor/VendorTaxReportController.php,,REFERENCED WITHOUT PROVEN CREATE MIGRATION,No Schema::create located; authoritative schema export required
order_taxes as order_taxes,,,,app/Http/Controllers/Admin/VendorTaxReportController.php,,REFERENCED WITHOUT PROVEN CREATE MIGRATION,No Schema::create located; authoritative schema export required
order_transactions,,database/migrations/2022_05_14_122603_add_dm_tips_column_to_order_transactions_table.php; database/migrations/2022_11_05_094404_add_delivery_fee_comission_to_order_transactions_table.php; database/migrations/2022_11_15_112413_add_expense_column_to_order_transactions_table.php; database/migrations/2023_02_27_162252_add_store_expense_columns_to_order_transactions_table.php; database/migrations/2023_03_02_144258_add_discount_amount_by_store_col_to_order_transactions_table.php; database/migrations/2023_07_05_145800_add_service_charge_col_to_order_transactions_table.php; database/migrations/2024_04_18_172145_add_extrapackaging_ref_amount_cols_to_temp_order_transactions_table.php; database/migrations/2024_05_26_120621_add_subscription_model_to_order_transaction_table.php,,app/Http/Controllers/Admin/AdminEarningReportController.php; app/Http/Controllers/Admin/ReportController.php,,BLOCKED: ALTERED WITHOUT PROVEN CREATE MIGRATION,No Schema::create located; authoritative schema export required
orders,,database/migrations/2022_05_14_122133_add_dm_tips_column_to_orders_table.php; database/migrations/2022_07_31_103626_add_free_delivery_by_column_to_orders_table.php; database/migrations/2022_10_18_093323_add_refund_request_cancel_column_to_orders_table.php; database/migrations/2022_12_29_114005_add_prescription_order_column_to_orders_table.php; database/migrations/2023_01_23_144828_add_tax_status_column_to_orders_table.php; database/migrations/2023_02_25_133409_add_vehicle_id_column_to_orders_table.php; database/migrations/2023_02_27_111937_add_cancellation_reason_col_to_orders_table.php; database/migrations/2023_02_27_162357_add_coupon_created_by_columns_to_orders_table.php; database/migrations/2023_03_02_103114_add_discount_on_product_by_column_to_orders_table.php; database/migrations/2023_05_16_104129_add_cutlery_processing_time_unavailable_product_note_col_to_orders_table.php; database/migrations/2023_05_18_143530_add_delivery_instruction_col_to_orders_table.php; database/migrations/2023_05_28_153920_add_tax_percentage_col_to_orders_table.php; database/migrations/2023_07_05_135741_add_service_charge_col_to_orders_table.php; database/migrations/2023_07_05_155429_add_order_proof_col_to_orders_table.php; database/migrations/2023_07_06_124530_add_partially_paid_amount_col_to_orders_table.php; database/migrations/2023_08_22_102914_add_is_guest_col_to_orders_table.php; database/migrations/2023_09_23_184806_add_flash_sale_cols_to_orders_table.php; database/migrations/2024_04_18_171851_add_cashback_ref_amount_cols_to_temp_orders_table.php; database/migrations/2024_05_28_112559_add_change_order_attachment_column_to_orders_table.php; database/migrations/2025_07_05_070056_add_tax_type_col_to_order_table.php; database/migrations/2025_09_20_141407_add_bring_change_amount_col_to_orders_table.php; database/migrations/2026_03_09_151700_add_extra_discount_amount_col_to_orders_table.php; database/migrations/2026_07_09_000300_add_age_restricted_compliance_fields.php; database/migrations/2026_07_09_000500_add_customer_age_confirmation_to_orders.php,,app/CentralLogics/Helpers.php; app/CentralLogics/ProductLogic.php; app/Http/Controllers/Admin/AdminEarningReportController.php; app/Http/Controllers/Admin/ReportController.php; app/Http/Controllers/Admin/VendorTaxReportController.php; app/Http/Controllers/Api/V1/UrbanGoodz/DynamicPricingController.php; app/Http/Controllers/Api/V1/Vendor/ReportController.php; app/Http/Controllers/Vendor/DashboardController.php; app/Http/Controllers/Vendor/SystemController.php; app/Http/Controllers/Vendor/VendorTaxReportController.php; app/Services/UrbanGoodz/AIMarketplaceSearchService.php; app/Services/UrbanGoodz/UrbanGoodzAIExecutionService.php; app/Traits/ReportGeneratorTrait.php,database/migrations/2026_07_09_000400_create_urban_goodz_age_verifications_table.php,BLOCKED: ALTERED WITHOUT PROVEN CREATE MIGRATION,No Schema::create located; authoritative schema export required
orders as orders,,,,app/Http/Controllers/Admin/VendorTaxReportController.php,,REFERENCED WITHOUT PROVEN CREATE MIGRATION,No Schema::create located; authoritative schema export required
page_seo_data,database/migrations/2025_11_09_014948_create_page_seo_data_table.php,,,,,MIGRATION BASELINE PRESENT,Schema::create located in committed migration
parcel_cancellation_reasons,database/migrations/2025_09_15_143154_create_parcel_cancellation_reasons_table.php,,,,,MIGRATION BASELINE PRESENT,Schema::create located in committed migration
parcel_cancellations,database/migrations/2025_09_16_173917_create_parcel_cancellations_table.php,,,,,MIGRATION BASELINE PRESENT,Schema::create located in committed migration
parcel_categories,,database/migrations/2022_10_19_150319_add_delivery_column_to_parcel_categories_table.php,,,,BLOCKED: ALTERED WITHOUT PROVEN CREATE MIGRATION,No Schema::create located; authoritative schema export required
parcel_delivery_instructions,database/migrations/2023_11_23_093859_create_parcel_delivery_instructions_table.php,,,,,MIGRATION BASELINE PRESENT,Schema::create located in committed migration
parcel_penalty_fees,database/migrations/2026_01_27_141620_create_parcel_penalty_fees_table.php,,,,,MIGRATION BASELINE PRESENT,Schema::create located in committed migration
parcel_return_fees,database/migrations/2026_01_27_141523_create_parcel_return_fees_table.php,,,,,MIGRATION BASELINE PRESENT,Schema::create located in committed migration
password_resets,,database/migrations/2023_02_25_175912_add_hit_count_at_col_in_password_resets_table.php; database/migrations/2023_03_11_121000_add_temp_block_time_col_to_password_resets_table.php; database/migrations/2023_04_05_112916_add_created_by_col_to_password_resets_table.php; database/migrations/2024_10_21_153607_add_phone_col_to_password_resets_table.php,,app/CentralLogics/Helpers.php; app/Console/Commands/UrbanGoodzEcosystemTest.php; app/Http/Controllers/Admin/UrbanGoodz/BusinessResetPasswordController.php; app/Http/Controllers/Api/V1/Auth/DMPasswordResetController.php; app/Http/Controllers/Api/V1/Auth/PasswordResetController.php; app/Http/Controllers/Api/V1/Auth/VendorPasswordResetController.php; app/Http/Controllers/LoginController.php,,BLOCKED: ALTERED WITHOUT PROVEN CREATE MIGRATION,No Schema::create located; authoritative schema export required
payment_requests,,,app/Models/PaymentRequest.php,,,REFERENCED WITHOUT PROVEN CREATE MIGRATION,No Schema::create located; authoritative schema export required
pharmacy_item_details,database/migrations/2023_08_24_151032_create_pharmacy_item_details_table.php,database/migrations/2024_04_01_142631_add_is_prescription_required_col_to_pharmacy_item_details_table.php,,app/Http/Controllers/Admin/ItemController.php; app/Http/Controllers/Api/V1/CommonConditionController.php; app/Http/Controllers/Api/V1/Vendor/ItemController.php; app/Http/Controllers/Vendor/ItemController.php,,MIGRATION BASELINE PRESENT,Schema::create located in committed migration
phone_verifications,,database/migrations/2023_02_25_175825_add_otp_hit_count_cols_in_phone_verifications_table.php; database/migrations/2023_03_11_120645_add_temp_block_time_col_to_phone_verifications_table.php,,app/Http/Controllers/Api/V1/Auth/CustomerAuthController.php; app/Http/Controllers/Api/V1/Auth/SocialAuthController.php; app/Http/Controllers/Api/V1/CustomerController.php; app/Http/Controllers/LoginController.php,,BLOCKED: ALTERED WITHOUT PROVEN CREATE MIGRATION,No Schema::create located; authoritative schema export required
priority_lists,database/migrations/2024_07_10_165721_create_priority_lists_table.php,,,,,MIGRATION BASELINE PRESENT,Schema::create located in committed migration
provide_d_m_earnings,,,,app/Http/Controllers/Api/V1/DeliverymanController.php,,REFERENCED WITHOUT PROVEN CREATE MIGRATION,No Schema::create located; authoritative schema export required
react_promotional_banners,database/migrations/2023_05_14_104308_create_react_promotional_banners_table.php,,,,,MIGRATION BASELINE PRESENT,Schema::create located in committed migration
react_testimonials,database/migrations/2023_05_08_125811_create_react_testimonials_table.php,,,,,MIGRATION BASELINE PRESENT,Schema::create located in committed migration
recent_searches,database/migrations/2025_03_12_101638_create_recent_searches_table.php,,app/Models/RecentSearch.php,,,MIGRATION BASELINE PRESENT,Schema::create located in committed migration
reels,,database/migrations/2026_07_12_120000_complete_creator_reel_commerce.php,,,database/migrations/2026_07_12_120000_complete_creator_reel_commerce.php,BLOCKED: ALTERED WITHOUT PROVEN CREATE MIGRATION,No Schema::create located; authoritative schema export required
refund_reasons,database/migrations/2022_10_18_093529_create_refund_reasons_table.php,,,,,MIGRATION BASELINE PRESENT,Schema::create located in committed migration
refunds,database/migrations/2022_10_18_092639_create_refunds_table.php,database/migrations/2023_01_10_145928_change_refund_amount_column_type.php,,,,MIGRATION BASELINE PRESENT,Schema::create located in committed migration
reviews,,database/migrations/2024_05_14_175408_add_reply_col_to_reviews_table.php; database/migrations/2024_07_15_131402_add_replied_at_col_to_reviews_table.php; database/migrations/2025_07_24_131029_add_index_to_reviews_table.php,,app/CentralLogics/CategoryLogic.php; app/CentralLogics/Helpers.php; app/CentralLogics/StoreLogic.php,,BLOCKED: ALTERED WITHOUT PROVEN CREATE MIGRATION,No Schema::create located; authoritative schema export required
ride_reviews,,,,app/Models/DeliveryMan.php,,REFERENCED WITHOUT PROVEN CREATE MIGRATION,No Schema::create located; authoritative schema export required
social_media,database/migrations/2022_04_12_015827_create_social_media_table.php,,,,,MIGRATION BASELINE PRESENT,Schema::create located in committed migration
storages,database/migrations/2024_05_16_113516_create_storages_table.php,,,app/CentralLogics/Helpers.php; app/Models/Admin.php; app/Models/AdminFeature.php; app/Models/AdminPromotionalBanner.php; app/Models/AdminSpecialCriteria.php; app/Models/AdminTestimonial.php; app/Models/Advertisement.php; app/Models/Banner.php; app/Models/Brand.php; app/Models/BusinessSetting.php; app/Models/Campaign.php; app/Models/Category.php; app/Models/DataSetting.php; app/Models/DeliveryMan.php; app/Models/EmailTemplate.php; app/Models/FlutterSpecialCriteria.php; app/Models/Item.php; app/Models/ItemCampaign.php; app/Models/Module.php; app/Models/ModuleWiseBanner.php; app/Models/ModuleWiseWhyChoose.php; app/Models/Notification.php; app/Models/ParcelCategory.php; app/Models/ReactPromotionalBanner.php; app/Models/ReactTestimonial.php; app/Models/Store.php; app/Models/TempProduct.php; app/Models/User.php; app/Models/UserInfo.php; app/Models/Vendor.php; app/Models/VendorEmployee.php,,MIGRATION BASELINE PRESENT,Schema::create located in committed migration
storages as storage,,,,app/Http/Controllers/Admin/AdminEarningReportController.php,,REFERENCED WITHOUT PROVEN CREATE MIGRATION,No Schema::create located; authoritative schema export required
store_configs,database/migrations/2023_09_20_122921_create_store_configs_table.php,,,app/CentralLogics/Helpers.php,,MIGRATION BASELINE PRESENT,Schema::create located in committed migration
store_notification_settings,database/migrations/2024_07_07_112203_create_store_notification_settings_table.php,database/migrations/2025_01_05_140000_add_module_type_col_to_store_notification_settings_table.php,,,,MIGRATION BASELINE PRESENT,Schema::create located in committed migration
store_schedule,,,app/Models/StoreSchedule.php,app/Http/Controllers/Admin/VendorController.php; app/Services/UrbanGoodz/AIMarketplaceSearchService.php,,REFERENCED WITHOUT PROVEN CREATE MIGRATION,No Schema::create located; authoritative schema export required
store_subscriptions,database/migrations/2024_05_13_102612_create_store_subscriptions_table.php,,,,,MIGRATION BASELINE PRESENT,Schema::create located in committed migration
stores,,database/migrations/2022_10_31_165427_add_rename_delivery_charge_column_to_stores_table.php; database/migrations/2023_01_07_115354_add_prescription_order_to_stores_table.php; database/migrations/2023_01_23_144232_add_slug_to_stores_table.php; database/migrations/2023_03_01_154319_add_maximum_delivery_charge_column_to_stores_table.php; database/migrations/2023_06_11_172741_add_cutlery_col_to_stores_table.php; database/migrations/2023_07_09_120533_add_meta_cols_to_stores_table.php; database/migrations/2023_08_21_115610_add_announcement_cols_to_stores_table.php; database/migrations/2024_05_13_170120_add_store_business_model_col_to_stores_table.php; database/migrations/2024_07_14_182931_add_package_id_col_stores_table.php; database/migrations/2024_12_03_142529_add_to_col_stores_table.php; database/migrations/2025_06_25_174502_add_to_cols_stores_table.php; database/migrations/2026_01_08_121542_add_meta_data_column_to_stores_table.php; database/migrations/2026_07_05_214527_add_public_listing_fields_to_stores_table.php; database/migrations/2026_07_06_140004_add_business_type_slug_to_stores_table.php,,app/CentralLogics/CategoryLogic.php; app/CentralLogics/ProductLogic.php; app/Http/Controllers/Admin/AdminEarningReportController.php; app/Http/Controllers/Admin/VendorController.php; app/Http/Controllers/Admin/VendorTaxReportController.php; app/Http/Controllers/Api/V1/BrandController.php; app/Http/Controllers/Api/V1/ItemController.php; app/Services/UrbanGoodz/AIMarketplaceSearchService.php,database/migrations/2026_07_12_120000_complete_creator_reel_commerce.php,BLOCKED: ALTERED WITHOUT PROVEN CREATE MIGRATION,No Schema::create located; authoritative schema export required
stores as stores,,,,app/Http/Controllers/Admin/VendorTaxReportController.php,,REFERENCED WITHOUT PROVEN CREATE MIGRATION,No Schema::create located; authoritative schema export required
subscription_billing_and_refund_histories,database/migrations/2024_05_22_115717_create_subscription_billing_and_refund_histories_table.php,,,,,MIGRATION BASELINE PRESENT,Schema::create located in committed migration
subscription_packages,database/migrations/2024_05_13_102547_create_subscription_packages_table.php,database/migrations/2024_12_12_114152_add_module_type_col_to_subscription_package_table.php,,,,MIGRATION BASELINE PRESENT,Schema::create located in committed migration
subscription_transactions,database/migrations/2024_05_13_104250_create_subscription_transactions_table.php,,,,,MIGRATION BASELINE PRESENT,Schema::create located in committed migration
subscription_transactions as sub,,,,app/Http/Controllers/Admin/AdminEarningReportController.php,,REFERENCED WITHOUT PROVEN CREATE MIGRATION,No Schema::create located; authoritative schema export required
surge_price_dates,database/migrations/2025_07_13_192359_create_surge_price_dates_table.php,,,app/Http/Controllers/Admin/SurgePriceController.php; app/Traits/PlaceNewOrder.php,,MIGRATION BASELINE PRESENT,Schema::create located in committed migration
surge_prices,database/migrations/2025_07_13_185456_create_surge_prices_table.php,,,app/Http/Controllers/Admin/SurgePriceController.php,,MIGRATION BASELINE PRESENT,Schema::create located in committed migration
tags,database/migrations/2023_01_02_112948_create_tags_table.php,,,,,MIGRATION BASELINE PRESENT,Schema::create located in committed migration
temp_products,database/migrations/2023_08_14_123526_create_temp_products_table.php,database/migrations/2024_04_18_171206_add_halal_brand_cols_to_temp_products_table.php; database/migrations/2024_09_12_142834_add_nutrition_allergy_id_cols_to_temp_products_table.php; database/migrations/2026_04_13_000001_add_product_video_columns_to_items_and_temp_products_tables.php,,app/Http/Controllers/Vendor/ItemController.php,,MIGRATION BASELINE PRESENT,Schema::create located in committed migration
trips,,,,app/CentralLogics/Helpers.php,,REFERENCED WITHOUT PROVEN CREATE MIGRATION,No Schema::create located; authoritative schema export required
urban_goodz_activity_logs,database/migrations/2026_07_09_000000_create_urban_goodz_activity_logs_table.php,,,,,MIGRATION BASELINE PRESENT,Schema::create located in committed migration
urban_goodz_age_verifications,database/migrations/2026_07_09_000400_create_urban_goodz_age_verifications_table.php,,,,,MIGRATION BASELINE PRESENT,Schema::create located in committed migration
urban_goodz_ai_conversations,database/migrations/2026_07_06_140007_create_urban_goodz_ai_conversations_table.php,,app/Models/UrbanGoodzAIConversation.php,,,MIGRATION BASELINE PRESENT,Schema::create located in committed migration
urban_goodz_ai_intents,database/migrations/2026_07_06_140006_create_urban_goodz_ai_intents_table.php,,app/Models/UrbanGoodzAIIntent.php,,database/migrations/2026_07_06_140007_create_urban_goodz_ai_conversations_table.php,MIGRATION BASELINE PRESENT,Schema::create located in committed migration
urban_goodz_appointments,database/migrations/2026_07_06_180000_create_urban_goodz_backend_modules_tables.php,,app/Models/UrbanGoodzAppointment.php,,,MIGRATION BASELINE PRESENT,Schema::create located in committed migration
urban_goodz_batch_package_audits,database/migrations/2026_07_19_061759_create_urban_goodz_batch_package_audits_table.php,,,,,MIGRATION BASELINE PRESENT,Schema::create located in committed migration
urban_goodz_batch_packages,database/migrations/2026_07_19_061758_create_urban_goodz_batch_packages_table.php,,,,database/migrations/2026_07_19_061758_create_urban_goodz_batch_packages_table.php; database/migrations/2026_07_19_061759_create_urban_goodz_batch_package_audits_table.php,MIGRATION BASELINE PRESENT,Schema::create located in committed migration
urban_goodz_batch_participants,database/migrations/2026_07_19_061757_create_urban_goodz_batch_participants_table.php,,,,,MIGRATION BASELINE PRESENT,Schema::create located in committed migration
urban_goodz_book_anywhere_requests,database/migrations/2026_07_12_000002_create_urban_goodz_book_anywhere_requests_table.php,,app/Models/UrbanGoodzBookAnythingRequest.php,app/Http/Controllers/Api/V1/UrbanGoodz/BookServicesAIController.php; app/Http/Controllers/Api/V1/UrbanGoodz/FashionFitAIController.php; app/Services/UrbanGoodz/UrbanGoodzAIExecutionService.php,,MIGRATION BASELINE PRESENT,Schema::create located in committed migration
urban_goodz_business_capabilities,database/migrations/2026_07_06_140003_create_urban_goodz_business_capabilities_table.php,,app/Models/UrbanGoodzBusinessCapability.php,,,MIGRATION BASELINE PRESENT,Schema::create located in committed migration
urban_goodz_business_client_documents,database/migrations/2026_07_08_000001_create_urban_goodz_business_client_tables.php,,,,,MIGRATION BASELINE PRESENT,Schema::create located in committed migration
urban_goodz_business_client_jobs,database/migrations/2026_07_08_000001_create_urban_goodz_business_client_tables.php,database/migrations/2026_07_09_001100_add_driver_fields_to_business_client_jobs_table.php,,,database/migrations/2026_07_09_213618_add_business_client_job_id_to_urban_goodz_driver_earnings_table.php,MIGRATION BASELINE PRESENT,Schema::create located in committed migration
urban_goodz_business_client_locations,database/migrations/2026_07_08_000001_create_urban_goodz_business_client_tables.php,database/migrations/2026_07_09_000001_add_business_client_management_fields.php,,,database/migrations/2026_07_08_140000_create_urban_goodz_manifests_table.php; database/migrations/2026_07_19_061756_create_urban_goodz_intake_batches_table.php,MIGRATION BASELINE PRESENT,Schema::create located in committed migration
urban_goodz_business_client_users,database/migrations/2026_07_08_000001_create_urban_goodz_business_client_tables.php,database/migrations/2026_07_09_000001_add_business_client_management_fields.php; database/migrations/2026_07_16_150000_add_rbac_and_audit_to_business_portal.php,,,database/migrations/2026_07_13_000001_add_logistics_e2e_columns_and_tables.php; database/migrations/2026_07_16_150000_add_rbac_and_audit_to_business_portal.php,MIGRATION BASELINE PRESENT,Schema::create located in committed migration
urban_goodz_business_clients,database/migrations/2026_07_08_000001_create_urban_goodz_business_client_tables.php,database/migrations/2026_07_09_000001_add_business_client_management_fields.php; database/migrations/2026_07_12_100000_add_dispatch_company_support.php,,,database/migrations/2026_07_08_000001_create_urban_goodz_business_client_tables.php; database/migrations/2026_07_08_000002_create_urban_goodz_route_package_tables.php; database/migrations/2026_07_08_140000_create_urban_goodz_manifests_table.php; database/migrations/2026_07_13_000001_add_logistics_e2e_columns_and_tables.php; database/migrations/2026_07_16_150001_create_urban_goodz_impersonation_sessions_table.php; database/migrations/2026_07_19_061756_create_urban_goodz_intake_batches_table.php; database/migrations/2026_07_19_061758_create_urban_goodz_batch_packages_table.php; database/migrations/2026_07_19_110153_create_urban_goodz_route_clustering_audits_table.php,MIGRATION BASELINE PRESENT,Schema::create located in committed migration
urban_goodz_business_portal_audit_logs,database/migrations/2026_07_16_150000_add_rbac_and_audit_to_business_portal.php,database/migrations/2026_07_16_150000_add_rbac_and_audit_to_business_portal.php,app/Models/UrbanGoodzBusinessPortalAuditLog.php,,,MIGRATION BASELINE PRESENT,Schema::create located in committed migration
urban_goodz_business_type_default_capabilities,database/migrations/2026_07_06_140002_create_urban_goodz_business_type_default_capabilities_table.php,,app/Models/UrbanGoodzBusinessTypeDefaultCapability.php,,,MIGRATION BASELINE PRESENT,Schema::create located in committed migration
urban_goodz_business_types,database/migrations/2026_07_06_140000_create_urban_goodz_business_types_table.php,,app/Models/UrbanGoodzBusinessType.php,,database/migrations/2026_07_06_140002_create_urban_goodz_business_type_default_capabilities_table.php; database/migrations/2026_07_06_140004_add_business_type_slug_to_stores_table.php,MIGRATION BASELINE PRESENT,Schema::create located in committed migration
urban_goodz_capabilities,database/migrations/2026_07_06_140001_create_urban_goodz_capabilities_table.php,,app/Models/UrbanGoodzCapability.php,,database/migrations/2026_07_06_140002_create_urban_goodz_business_type_default_capabilities_table.php; database/migrations/2026_07_06_140003_create_urban_goodz_business_capabilities_table.php,MIGRATION BASELINE PRESENT,Schema::create located in committed migration
urban_goodz_client_invoices,database/migrations/2026_07_08_000002_create_urban_goodz_route_package_tables.php,,,,,MIGRATION BASELINE PRESENT,Schema::create located in committed migration
urban_goodz_community_comments,database/migrations/2026_07_06_180000_create_urban_goodz_backend_modules_tables.php,,app/Models/UrbanGoodzCommunityComment.php,,,MIGRATION BASELINE PRESENT,Schema::create located in committed migration
urban_goodz_community_marketplace_items,database/migrations/2026_07_06_180000_create_urban_goodz_backend_modules_tables.php,,app/Models/UrbanGoodzCommunityMarketplaceItem.php,,,MIGRATION BASELINE PRESENT,Schema::create located in committed migration
urban_goodz_community_posts,database/migrations/2026_07_06_180000_create_urban_goodz_backend_modules_tables.php,,app/Models/UrbanGoodzCommunityPost.php,,database/migrations/2026_07_06_180000_create_urban_goodz_backend_modules_tables.php,MIGRATION BASELINE PRESENT,Schema::create located in committed migration
urban_goodz_creator_applications,database/migrations/2026_07_06_180000_create_urban_goodz_backend_modules_tables.php,database/migrations/2026_07_07_100000_create_urban_goodz_creator_space_tables.php,app/Models/UrbanGoodzCreatorApplication.php,,database/migrations/2026_07_06_180000_create_urban_goodz_backend_modules_tables.php; database/migrations/2026_07_07_100000_create_urban_goodz_creator_space_tables.php,MIGRATION BASELINE PRESENT,Schema::create located in committed migration
urban_goodz_creator_business_leads,database/migrations/2026_07_07_100000_create_urban_goodz_creator_space_tables.php,,app/Models/UrbanGoodzCreatorBusinessLead.php,,,MIGRATION BASELINE PRESENT,Schema::create located in committed migration
urban_goodz_creator_campaign_assignments,database/migrations/2026_07_07_100000_create_urban_goodz_creator_space_tables.php,,app/Models/UrbanGoodzCreatorCampaignAssignment.php,,,MIGRATION BASELINE PRESENT,Schema::create located in committed migration
urban_goodz_creator_campaigns,database/migrations/2026_07_07_100000_create_urban_goodz_creator_space_tables.php,,app/Models/UrbanGoodzCreatorCampaign.php,,database/migrations/2026_07_07_100000_create_urban_goodz_creator_space_tables.php,MIGRATION BASELINE PRESENT,Schema::create located in committed migration
urban_goodz_creator_content,database/migrations/2026_07_07_100000_create_urban_goodz_creator_space_tables.php,,app/Models/UrbanGoodzCreatorContent.php,,database/migrations/2026_07_07_100000_create_urban_goodz_creator_space_tables.php,MIGRATION BASELINE PRESENT,Schema::create located in committed migration
urban_goodz_creator_earnings,database/migrations/2026_07_07_100000_create_urban_goodz_creator_space_tables.php,,app/Models/UrbanGoodzCreatorEarning.php,,,MIGRATION BASELINE PRESENT,Schema::create located in committed migration
urban_goodz_creator_event_promotions,database/migrations/2026_07_07_100000_create_urban_goodz_creator_space_tables.php,,app/Models/UrbanGoodzCreatorEventPromotion.php,,,MIGRATION BASELINE PRESENT,Schema::create located in committed migration
urban_goodz_creator_products,database/migrations/2026_07_06_180000_create_urban_goodz_backend_modules_tables.php,,app/Models/UrbanGoodzCreatorProduct.php,,,MIGRATION BASELINE PRESENT,Schema::create located in committed migration
urban_goodz_creator_profiles,database/migrations/2026_07_07_100000_create_urban_goodz_creator_space_tables.php,database/migrations/2026_07_12_120000_complete_creator_reel_commerce.php,app/Models/UrbanGoodzCreatorProfile.php,,database/migrations/2026_07_07_100000_create_urban_goodz_creator_space_tables.php; database/migrations/2026_07_12_120000_complete_creator_reel_commerce.php,MIGRATION BASELINE PRESENT,Schema::create located in committed migration
urban_goodz_dedicated_routes,database/migrations/2026_07_08_000002_create_urban_goodz_route_package_tables.php,database/migrations/2026_07_08_100000_add_route_package_foundation_fields.php; database/migrations/2026_07_08_120000_add_end_location_to_dedicated_routes.php; database/migrations/2026_07_09_000300_add_age_restricted_compliance_fields.php; database/migrations/2026_07_19_120000_add_intake_batch_id_and_route_label_to_dedicated_routes.php,,app/Services/UrbanGoodz/AiCompanionApiService.php,database/migrations/2026_07_08_000002_create_urban_goodz_route_package_tables.php; database/migrations/2026_07_08_110000_make_dedicated_route_id_nullable.php; database/migrations/2026_07_08_130000_fix_dedicated_route_id_nullable.php; database/migrations/2026_07_09_000400_create_urban_goodz_age_verifications_table.php; database/migrations/2026_07_19_061758_create_urban_goodz_batch_packages_table.php; database/migrations/2026_07_19_150100_create_urban_goodz_route_execution_versions_table.php,MIGRATION BASELINE PRESENT,Schema::create located in committed migration
urban_goodz_demand_signals,database/migrations/2026_07_05_000001_create_urban_goodz_ingestion_tables.php,,app/Models/UrbanGoodzDemandSignal.php,,,MIGRATION BASELINE PRESENT,Schema::create located in committed migration
urban_goodz_discovery_searches,database/migrations/2026_07_06_180000_create_urban_goodz_backend_modules_tables.php,,app/Models/UrbanGoodzDiscoverySearch.php,app/Services/UrbanGoodz/UrbanGoodzAIExecutionService.php,,MIGRATION BASELINE PRESENT,Schema::create located in committed migration
urban_goodz_dispatch_audit_logs,database/migrations/2026_07_13_000001_add_logistics_e2e_columns_and_tables.php,,app/Models/UrbanGoodzDispatchAuditLog.php,,,MIGRATION BASELINE PRESENT,Schema::create located in committed migration
urban_goodz_dispatch_commissions,database/migrations/2026_07_12_100000_add_dispatch_company_support.php,,app/Models/UrbanGoodzDispatchCommission.php,,,MIGRATION BASELINE PRESENT,Schema::create located in committed migration
urban_goodz_driver_earnings,database/migrations/2026_07_08_000002_create_urban_goodz_route_package_tables.php,database/migrations/2026_07_09_213618_add_business_client_job_id_to_urban_goodz_driver_earnings_table.php; database/migrations/2026_07_13_000001_add_logistics_e2e_columns_and_tables.php; database/migrations/2026_07_17_100000_create_urban_goodz_driver_pricing_policies_table.php,,,,MIGRATION BASELINE PRESENT,Schema::create located in committed migration
urban_goodz_driver_payout_requests,database/migrations/2026_07_08_000002_create_urban_goodz_route_package_tables.php,,,,,MIGRATION BASELINE PRESENT,Schema::create located in committed migration
urban_goodz_driver_pricing_policies,database/migrations/2026_07_17_100000_create_urban_goodz_driver_pricing_policies_table.php,,app/Models/UrbanGoodzDriverPricingPolicy.php,,,MIGRATION BASELINE PRESENT,Schema::create located in committed migration
urban_goodz_earn_money_applications,database/migrations/2026_07_06_180000_create_urban_goodz_backend_modules_tables.php,database/migrations/2026_07_13_000004_add_delivery_man_id_and_applied_at_to_earn_money_applications_table.php,app/Models/UrbanGoodzEarnMoneyApplication.php,,,MIGRATION BASELINE PRESENT,Schema::create located in committed migration
urban_goodz_earn_money_opportunities,database/migrations/2026_07_06_180000_create_urban_goodz_backend_modules_tables.php,,app/Models/UrbanGoodzEarnMoneyOpportunity.php,,database/migrations/2026_07_06_180000_create_urban_goodz_backend_modules_tables.php,MIGRATION BASELINE PRESENT,Schema::create located in committed migration
urban_goodz_events,database/migrations/2026_07_06_180000_create_urban_goodz_backend_modules_tables.php,,app/Models/UrbanGoodzEvent.php,,database/migrations/2026_07_07_100000_create_urban_goodz_creator_space_tables.php,MIGRATION BASELINE PRESENT,Schema::create located in committed migration
urban_goodz_files,database/migrations/2026_07_06_120000_create_urban_goodz_files_table.php,,app/Models/UrbanGoodzFile.php,,database/migrations/2026_07_06_130000_add_photo_file_ids_to_measurement_requests_table.php,MIGRATION BASELINE PRESENT,Schema::create located in committed migration
urban_goodz_impersonation_sessions,database/migrations/2026_07_16_150001_create_urban_goodz_impersonation_sessions_table.php,,app/Models/UrbanGoodzImpersonationSession.php,,,MIGRATION BASELINE PRESENT,Schema::create located in committed migration
urban_goodz_import_batches,database/migrations/2026_07_05_000001_create_urban_goodz_ingestion_tables.php,,app/Models/UrbanGoodzImportBatch.php,,,MIGRATION BASELINE PRESENT,Schema::create located in committed migration
urban_goodz_intake_batch_audits,database/migrations/2026_07_19_061800_create_urban_goodz_intake_batch_audits_table.php,,app/Models/UrbanGoodzIntakeBatchAudit.php,,,MIGRATION BASELINE PRESENT,Schema::create located in committed migration
urban_goodz_intake_batches,database/migrations/2026_07_19_061756_create_urban_goodz_intake_batches_table.php,,,,database/migrations/2026_07_19_061757_create_urban_goodz_batch_participants_table.php; database/migrations/2026_07_19_061758_create_urban_goodz_batch_packages_table.php; database/migrations/2026_07_19_061759_create_urban_goodz_batch_package_audits_table.php; database/migrations/2026_07_19_061800_create_urban_goodz_intake_batch_audits_table.php; database/migrations/2026_07_19_110153_create_urban_goodz_route_clustering_audits_table.php; database/migrations/2026_07_19_120000_add_intake_batch_id_and_route_label_to_dedicated_routes.php,MIGRATION BASELINE PRESENT,Schema::create located in committed migration
urban_goodz_load_board_audit_logs,database/migrations/2026_07_12_200000_add_financial_workflow_to_load_board_loads.php,,app/Models/UrbanGoodzLoadBoardAuditLog.php,,,MIGRATION BASELINE PRESENT,Schema::create located in committed migration
urban_goodz_load_board_bids,database/migrations/2026_07_13_000001_add_logistics_e2e_columns_and_tables.php,,app/Models/UrbanGoodzLoadBoardBid.php,,,MIGRATION BASELINE PRESENT,Schema::create located in committed migration
urban_goodz_load_board_loads,database/migrations/2026_07_11_100000_create_urban_goodz_load_board_loads_table.php,database/migrations/2026_07_12_100000_add_dispatch_company_support.php; database/migrations/2026_07_12_200000_add_financial_workflow_to_load_board_loads.php; database/migrations/2026_07_13_100000_create_load_sourcing_system_tables.php,app/Models/UrbanGoodzLoadBoardLoad.php,,database/migrations/2026_07_13_000001_add_logistics_e2e_columns_and_tables.php,MIGRATION BASELINE PRESENT,Schema::create located in committed migration
urban_goodz_logistics_jobs,database/migrations/2026_07_06_180000_create_urban_goodz_backend_modules_tables.php,,app/Models/UrbanGoodzLogisticsJob.php,,,MIGRATION BASELINE PRESENT,Schema::create located in committed migration
urban_goodz_manifest_packages,,,,app/Services/UrbanGoodz/Routing/Services/RoutePlanningService.php,,REFERENCED WITHOUT PROVEN CREATE MIGRATION,No Schema::create located; authoritative schema export required
urban_goodz_manifests,database/migrations/2026_07_08_140000_create_urban_goodz_manifests_table.php,database/migrations/2026_07_09_000002_add_manifest_metrics_fields.php,,app/Services/UrbanGoodz/AiCompanionApiService.php,database/migrations/2026_07_08_140000_create_urban_goodz_manifests_table.php; database/migrations/2026_07_09_020000_fix_route_packages_missing_portal_columns.php; database/migrations/2026_07_19_110153_create_urban_goodz_route_clustering_audits_table.php,MIGRATION BASELINE PRESENT,Schema::create located in committed migration
urban_goodz_measurement_requests,database/migrations/2026_07_02_000001_create_urban_goodz_measurement_requests_table.php,database/migrations/2026_07_06_130000_add_photo_file_ids_to_measurement_requests_table.php; database/migrations/2026_07_12_000001_add_neck_and_due_date_to_measurement_requests_table.php,app/Models/MeasurementRequest.php,app/Http/Controllers/Api/V1/UrbanGoodz/FashionFitAIController.php; app/Services/UrbanGoodz/UrbanGoodzAIExecutionService.php,,MIGRATION BASELINE PRESENT,Schema::create located in committed migration
urban_goodz_medical_courier_custody_logs,database/migrations/2026_07_06_180000_create_urban_goodz_backend_modules_tables.php,,app/Models/UrbanGoodzMedicalCourierCustodyLog.php,,,MIGRATION BASELINE PRESENT,Schema::create located in committed migration
urban_goodz_medical_courier_jobs,database/migrations/2026_07_06_180000_create_urban_goodz_backend_modules_tables.php,database/migrations/2026_07_12_000000_enhance_urban_goodz_medical_courier_jobs_table.php; database/migrations/2026_07_12_150000_add_soft_deletes_to_urban_goodz_medical_courier_jobs.php,app/Models/UrbanGoodzMedicalCourierJob.php,app/Services/UrbanGoodz/UrbanGoodzAIExecutionService.php,database/migrations/2026_07_06_180000_create_urban_goodz_backend_modules_tables.php,MIGRATION BASELINE PRESENT,Schema::create located in committed migration
urban_goodz_medical_custody_logs,database/migrations/2026_07_08_000002_create_urban_goodz_route_package_tables.php,,,,,MIGRATION BASELINE PRESENT,Schema::create located in committed migration
urban_goodz_notifications,database/migrations/2026_07_19_000001_create_urban_goodz_notifications_table.php,,,,,MIGRATION BASELINE PRESENT,Schema::create located in committed migration
urban_goodz_order_anywhere_card_requests,database/migrations/2026_07_09_000004_create_urban_goodz_order_anywhere_card_requests_table.php,,,,,MIGRATION BASELINE PRESENT,Schema::create located in committed migration
urban_goodz_package_scans,database/migrations/2026_07_08_000002_create_urban_goodz_route_package_tables.php,,,,,MIGRATION BASELINE PRESENT,Schema::create located in committed migration
urban_goodz_payment_ledgers,database/migrations/2026_07_03_000002_create_urban_goodz_payment_ledgers_table.php,,,,,MIGRATION BASELINE PRESENT,Schema::create located in committed migration
urban_goodz_payment_splits,database/migrations/2026_07_03_000003_create_urban_goodz_payment_splits_table.php,,,,,MIGRATION BASELINE PRESENT,Schema::create located in committed migration
urban_goodz_payment_transactions,database/migrations/2026_07_09_000002_create_urban_goodz_payment_transactions_table.php,,app/Models/UrbanGoodzPaymentTransaction.php,,,MIGRATION BASELINE PRESENT,Schema::create located in committed migration
urban_goodz_plus_memberships,database/migrations/2026_07_06_180000_create_urban_goodz_backend_modules_tables.php,,app/Models/UrbanGoodzPlusMembership.php,,,MIGRATION BASELINE PRESENT,Schema::create located in committed migration
urban_goodz_price_rollbacks,,,,app/Http/Controllers/Api/V1/UrbanGoodz/DynamicPricingController.php,,REFERENCED WITHOUT PROVEN CREATE MIGRATION,No Schema::create located; authoritative schema export required
urban_goodz_provider_availability,database/migrations/2026_07_12_130000_complete_service_booking_workflow.php,,app/Models/UrbanGoodzProviderAvailability.php,,,MIGRATION BASELINE PRESENT,Schema::create located in committed migration
urban_goodz_provider_services,database/migrations/2026_07_12_130000_complete_service_booking_workflow.php,,,,database/migrations/2026_07_12_130000_complete_service_booking_workflow.php,MIGRATION BASELINE PRESENT,Schema::create located in committed migration
urban_goodz_refund_requests,,,,app/Http/Controllers/Api/V1/UrbanGoodz/SupportAIController.php,,REFERENCED WITHOUT PROVEN CREATE MIGRATION,No Schema::create located; authoritative schema export required
urban_goodz_rental_assets,database/migrations/2026_07_06_190000_create_urban_goodz_rental_tables.php,,app/Models/UrbanGoodzRentalAsset.php,,database/migrations/2026_07_06_190000_create_urban_goodz_rental_tables.php,MIGRATION BASELINE PRESENT,Schema::create located in committed migration
urban_goodz_rental_bookings,database/migrations/2026_07_06_190000_create_urban_goodz_rental_tables.php,,app/Models/UrbanGoodzRentalBooking.php,,database/migrations/2026_07_06_190000_create_urban_goodz_rental_tables.php,MIGRATION BASELINE PRESENT,Schema::create located in committed migration
urban_goodz_rental_damages,,,,app/Http/Controllers/Api/V1/UrbanGoodz/RentalAIController.php,,REFERENCED WITHOUT PROVEN CREATE MIGRATION,No Schema::create located; authoritative schema export required
urban_goodz_rental_inspections,database/migrations/2026_07_06_190000_create_urban_goodz_rental_tables.php,,app/Models/UrbanGoodzRentalInspection.php,,,MIGRATION BASELINE PRESENT,Schema::create located in committed migration
urban_goodz_route_assignments,database/migrations/2026_07_08_000002_create_urban_goodz_route_package_tables.php,,,,,MIGRATION BASELINE PRESENT,Schema::create located in committed migration
urban_goodz_route_batches,database/migrations/2026_07_08_000002_create_urban_goodz_route_package_tables.php,,,,,MIGRATION BASELINE PRESENT,Schema::create located in committed migration
urban_goodz_route_clustering_audits,database/migrations/2026_07_19_110153_create_urban_goodz_route_clustering_audits_table.php,,,,,MIGRATION BASELINE PRESENT,Schema::create located in committed migration
urban_goodz_route_execution_versions,database/migrations/2026_07_19_150100_create_urban_goodz_route_execution_versions_table.php,,app/Models/UrbanGoodzRouteExecutionVersion.php,,,MIGRATION BASELINE PRESENT,Schema::create located in committed migration
urban_goodz_route_optimization_stops,database/migrations/2026_07_08_000002_create_urban_goodz_route_package_tables.php,,,,,MIGRATION BASELINE PRESENT,Schema::create located in committed migration
urban_goodz_route_packages,database/migrations/2026_07_08_000002_create_urban_goodz_route_package_tables.php,database/migrations/2026_07_08_100000_add_route_package_foundation_fields.php; database/migrations/2026_07_08_110000_make_dedicated_route_id_nullable.php; database/migrations/2026_07_08_130000_fix_dedicated_route_id_nullable.php; database/migrations/2026_07_08_140000_create_urban_goodz_manifests_table.php; database/migrations/2026_07_09_000300_add_age_restricted_compliance_fields.php; database/migrations/2026_07_09_020000_fix_route_packages_missing_portal_columns.php,,app/Http/Controllers/Api/V1/UrbanGoodz/FraudDetectionController.php,database/migrations/2026_07_08_000002_create_urban_goodz_route_package_tables.php; database/migrations/2026_07_09_000400_create_urban_goodz_age_verifications_table.php,MIGRATION BASELINE PRESENT,Schema::create located in committed migration
urban_goodz_service_booking_events,database/migrations/2026_07_12_130000_complete_service_booking_workflow.php,,,,,MIGRATION BASELINE PRESENT,Schema::create located in committed migration
urban_goodz_service_provider_earnings,database/migrations/2026_07_12_130000_complete_service_booking_workflow.php,,,,,MIGRATION BASELINE PRESENT,Schema::create located in committed migration
urban_goodz_service_providers,database/migrations/2026_07_06_180000_create_urban_goodz_backend_modules_tables.php,database/migrations/2026_07_12_130000_complete_service_booking_workflow.php,app/Models/UrbanGoodzServiceProvider.php,,database/migrations/2026_07_06_180000_create_urban_goodz_backend_modules_tables.php; database/migrations/2026_07_12_130000_complete_service_booking_workflow.php,MIGRATION BASELINE PRESENT,Schema::create located in committed migration
urban_goodz_service_requests,database/migrations/2026_07_06_180000_create_urban_goodz_backend_modules_tables.php,database/migrations/2026_07_12_130000_complete_service_booking_workflow.php,app/Models/UrbanGoodzServiceRequest.php,,database/migrations/2026_07_06_180000_create_urban_goodz_backend_modules_tables.php; database/migrations/2026_07_12_130000_complete_service_booking_workflow.php,MIGRATION BASELINE PRESENT,Schema::create located in committed migration
urban_goodz_service_reviews,database/migrations/2026_07_12_130000_complete_service_booking_workflow.php,,,,,MIGRATION BASELINE PRESENT,Schema::create located in committed migration
urban_goodz_sourced_businesses,database/migrations/2026_07_05_000001_create_urban_goodz_ingestion_tables.php,,app/Models/UrbanGoodzSourcedBusiness.php,app/Console/Commands/UrbanGoodzSourcedBusinessCategoryBackfill.php,,MIGRATION BASELINE PRESENT,Schema::create located in committed migration
urban_goodz_sourced_images,database/migrations/2026_07_05_000001_create_urban_goodz_ingestion_tables.php,,app/Models/UrbanGoodzSourcedImage.php,,,MIGRATION BASELINE PRESENT,Schema::create located in committed migration
urban_goodz_sourced_products,database/migrations/2026_07_05_000001_create_urban_goodz_ingestion_tables.php,,app/Models/UrbanGoodzSourcedProduct.php,,,MIGRATION BASELINE PRESENT,Schema::create located in committed migration
urban_goodz_spotlight_businesses,database/migrations/2026_07_06_180000_create_urban_goodz_backend_modules_tables.php,,app/Models/UrbanGoodzSpotlightBusiness.php,,,MIGRATION BASELINE PRESENT,Schema::create located in committed migration
user_files,database/migrations/2026_04_07_000001_create_user_files_table.php,,,,,MIGRATION BASELINE PRESENT,Schema::create located in committed migration
user_infos,database/migrations/2022_09_10_112137_create_user_infos_table.php,,,,,MIGRATION BASELINE PRESENT,Schema::create located in committed migration
user_notifications,,database/migrations/2022_05_26_120821_change_data_column_to_user_notifiations_table.php,,app/CentralLogics/Helpers.php; app/CentralLogics/OrderLogic.php; app/Http/Controllers/Admin/AccountTransactionController.php; app/Http/Controllers/Admin/CampaignController.php; app/Http/Controllers/Admin/CustomerController.php; app/Http/Controllers/Admin/DeliveryMan/DeliveryManController.php; app/Http/Controllers/Admin/ItemController.php; app/Http/Controllers/Admin/OrderController.php; app/Http/Controllers/Admin/POSController.php; app/Http/Controllers/Admin/Promotion/AdvertisementController.php; app/Http/Controllers/Admin/Subscription/SubscriptionController.php; app/Http/Controllers/Admin/VendorController.php; app/Http/Controllers/Api/V1/Auth/CustomerAuthController.php; app/Http/Controllers/Api/V1/Auth/DMPasswordResetController.php; app/Http/Controllers/Api/V1/Auth/SocialAuthController.php; app/Http/Controllers/Api/V1/DeliverymanController.php; app/Http/Controllers/Api/V1/OrderController.php; app/Http/Controllers/Api/V1/Vendor/DeliveryManController.php; app/Http/Controllers/Api/V1/Vendor/SubscriptionController.php; app/Http/Controllers/Api/V1/Vendor/VendorController.php; app/Http/Controllers/Vendor/DeliveryManController.php; app/Http/Controllers/Vendor/SubscriptionController.php,,BLOCKED: ALTERED WITHOUT PROVEN CREATE MIGRATION,No Schema::create located; authoritative schema export required
users,database/migrations/2014_10_12_000000_create_users_table.php,database/migrations/2022_04_09_161150_add_wallet_point_columns_to_users_table.php; database/migrations/2022_05_17_153333_add_ref_code_to_users_table.php; database/migrations/2023_01_03_093510_add_current_language_key_column_to_users_table.php; database/migrations/2023_02_27_102931_add_ref_by_col_to_users_table.php; database/migrations/2023_03_13_181502_add_temp_token_column_to_users_table.php; database/migrations/2024_04_04_085842_add_interested_module_ids_col_to_users_table.php; database/migrations/2024_10_21_153431_add_is_email_verified_col_to_users_table.php,,app/Http/Controllers/Api/V1/Auth/CustomerAuthController.php; app/Http/Controllers/Api/V1/Auth/SocialAuthController.php; app/Http/Controllers/Api/V1/CustomerController.php,database/migrations/2022_05_10_000000_create_customer_addresses_table.php; database/migrations/2026_07_06_190000_create_urban_goodz_rental_tables.php; database/migrations/2026_07_12_120000_complete_creator_reel_commerce.php; database/migrations/2026_07_12_130000_complete_service_booking_workflow.php; database/migrations/2026_07_19_061756_create_urban_goodz_intake_batches_table.php; database/migrations/2026_07_19_061757_create_urban_goodz_batch_participants_table.php; database/migrations/2026_07_19_061758_create_urban_goodz_batch_packages_table.php; database/migrations/2026_07_19_061759_create_urban_goodz_batch_package_audits_table.php; database/migrations/2026_07_19_061800_create_urban_goodz_intake_batch_audits_table.php,MIGRATION BASELINE PRESENT,Schema::create located in committed migration
vehicle_reviews,,,,app/CentralLogics/Helpers.php,,REFERENCED WITHOUT PROVEN CREATE MIGRATION,No Schema::create located; authoritative schema export required
vehicles,,,,app/Console/Commands/CreateTestDriver.php,,REFERENCED WITHOUT PROVEN CREATE MIGRATION,No Schema::create located; authoritative schema export required
vendor_employees,,database/migrations/2022_10_22_122336_add_is_logged_column_to_vendor_employees_table.php; database/migrations/2025_07_22_130717_add_login_remember_token_to_vendor_employees_table.php,,,,BLOCKED: ALTERED WITHOUT PROVEN CREATE MIGRATION,No Schema::create located; authoritative schema export required
vendor_notifications,database/migrations/2026_07_13_000003_create_vendor_notifications_table.php,,,,,MIGRATION BASELINE PRESENT,Schema::create located in committed migration
vendors,,database/migrations/2025_07_22_130717_add_login_remember_token_to_vendors_table.php; database/migrations/2025_09_25_181108_rename_bank_name_to_rejection_note_in_vendors_table.php,,app/Http/Controllers/Admin/VendorController.php; app/Http/Controllers/Api/V1/Auth/VendorPasswordResetController.php; app/Http/Controllers/LoginController.php; app/Services/UrbanGoodz/AIMarketplaceSearchService.php,database/migrations/2026_07_06_180000_create_urban_goodz_backend_modules_tables.php; database/migrations/2026_07_06_190000_create_urban_goodz_rental_tables.php; database/migrations/2026_07_07_100000_create_urban_goodz_creator_space_tables.php; database/migrations/2026_07_12_120000_complete_creator_reel_commerce.php; database/migrations/2026_07_12_130000_complete_service_booking_workflow.php,BLOCKED: ALTERED WITHOUT PROVEN CREATE MIGRATION,No Schema::create located; authoritative schema export required
visitor_logs,database/migrations/2023_02_19_164536_create_visitor_logs_table.php,,,app/CentralLogics/ProductLogic.php,,MIGRATION BASELINE PRESENT,Schema::create located in committed migration
wallet_bonuses,database/migrations/2023_07_10_121938_create_wallet_bonuses_table.php,,,,,MIGRATION BASELINE PRESENT,Schema::create located in committed migration
wallet_payments,database/migrations/2023_07_09_143746_create_wallet_payments_table.php,,,,,MIGRATION BASELINE PRESENT,Schema::create located in committed migration
wallet_transactions,database/migrations/2022_03_31_103418_create_wallet_transactions_table.php,,,,,MIGRATION BASELINE PRESENT,Schema::create located in committed migration
websockets_statistics_entries,database/migrations/0000_00_00_000000_create_websockets_statistics_entries_table.php,,,,,MIGRATION BASELINE PRESENT,Schema::create located in committed migration
wishlists,,database/migrations/2025_07_24_131340_add_index_to_wishlists_table.php,,,,BLOCKED: ALTERED WITHOUT PROVEN CREATE MIGRATION,No Schema::create located; authoritative schema export required
withdraw_requests,,database/migrations/2023_01_10_150108_change_amount_column_type.php; database/migrations/2023_11_21_123742_add_cols_to_withdraw_requests_table.php; database/migrations/2025_09_21_174228_add_sender_note_to_withdraw_requests.php; database/migrations/2026_02_04_165904_add_user_note_col_to_withdraw_requests_table.php,,app/Http/Controllers/Api/V1/DeliverymanController.php; app/Http/Controllers/Api/V1/Vendor/VendorController.php; app/Http/Controllers/Vendor/WalletController.php,,BLOCKED: ALTERED WITHOUT PROVEN CREATE MIGRATION,No Schema::create located; authoritative schema export required
withdrawal_methods,database/migrations/2023_11_21_123038_create_withdrawal_methods_table.php,,,,,MIGRATION BASELINE PRESENT,Schema::create located in committed migration
zones,database/migrations/2022_05_09_235959_create_zones_table_if_missing.php,database/migrations/2022_10_25_153214_add_payment_method_columns_to_zones_table.php; database/migrations/2023_10_08_103818_add_increased_delivery_fee_in_zones_table.php; database/migrations/2024_09_11_094735_add_display_name_col_in_zones_table.php; database/migrations/2026_01_12_101427_add_is_default_col_to_zones_table.php; database/migrations/2026_02_08_113515_add_rider_wise_topic_to_zones_table.php,,app/Http/Controllers/Admin/AdminEarningReportController.php,database/migrations/2022_05_10_000000_create_customer_addresses_table.php; database/migrations/2026_07_17_100000_create_urban_goodz_driver_pricing_policies_table.php,MIGRATION BASELINE PRESENT,Schema::create located in committed migration
