row,business_name,category,module_name,city,state,zone,age_restricted,module_id,category_ids
2,Lucille's,Restaurants,"Restaurants/Brick and Mortar",Houston,TX,"Greater Houston Area",no,4,[]
4,"Gatlin's BBQ",Restaurants,"Restaurants/Brick and Mortar",Houston,TX,"Greater Houston Area",no,4,[14]
5,"Gatlin's Fins & Feathers",Restaurants,"Restaurants/Brick and Mortar",Houston,TX,"Greater Houston Area",no,4,[]
6,"Ms. Myrtle's Bakery","Home-Based Businessz","Home-Based Businesses",Houston,TX,"Greater Houston Area",no,6,[]
7,"DossCouture Designs","Retail / Shopping",Retail/Shopping,Houston,TX,"Greater Houston Area",no,13,[]
8,"River Oaks Galleria Medspa","Beauty / Personal Care","Beauty/Personal Care",Houston,TX,"Greater Houston Area",no,14,[]
9,"Beauty By Umar Hair Salon","Beauty / Personal Care","Beauty/Personal Care",Houston,TX,"Greater Houston Area",no,14,[]
10,"Makeda's Homemade Butter Cookies","Grocery / Markets",Grocery/Markets,Memphis,TN,"Memphis Area",no,5,[]
11,Alcenia's,Restaurants,"Restaurants/Brick and Mortar",Memphis,TN,"Memphis Area",no,4,[]
12,"Alta Adams",Restaurants,"Restaurants/Brick and Mortar","Los Angeles",CA,"Greater Los Angeles Area",no,4,[]
13,"Post & Beam",Restaurants,"Restaurants/Brick and Mortar","Los Angeles",CA,"Greater Los Angeles Area",no,4,[]
14,"Red Rooster Overtown",Restaurants,"Restaurants/Brick and Mortar",Miami,FL,"Greater Miami Area",no,4,[]
15,"Ben's Chili Bowl",Restaurants,"Restaurants/Brick and Mortar",Washington,DC,"Greater DMV Area",no,4,[]
16,"Oohh's & Aahh's",Restaurants,"Restaurants/Brick and Mortar",Washington,DC,"Greater DMV Area",no,4,[]
17,"Mert's Heart & Soul",Restaurants,"Restaurants/Brick and Mortar",Charlotte,NC,"Greater Charlotte Area",no,4,[]
18,"Sylvia's Restaurant",Restaurants,"Restaurants/Brick and Mortar","New York",NY,"Greater NYC Area",no,4,[]
19,"Amy Ruth's",Restaurants,"Restaurants/Brick and Mortar","New York",NY,"Greater NYC Area",no,4,[]
20,"Melba's Restaurant",Restaurants,"Restaurants/Brick and Mortar","New York",NY,"Greater NYC Area",no,4,[]
21,"Londel's Supper Club",Restaurants,"Restaurants/Brick and Mortar","New York",NY,"Greater NYC Area",no,4,[]
22,"Burn's Original BBQ",Restaurants,"Restaurants/Brick and Mortar",Houston,TX,"Greater Houston Area",no,4,[14]
24,"Frenchy's Chicken",Restaurants,"Restaurants/Brick and Mortar",Houston,TX,"Greater Houston Area",no,4,[]
25,"Splendid Spoonful HTX","Retail / Shopping",Retail/Shopping,Houston,TX,"Greater Houston Area",no,13,[]
26,"Simply Mel Skincare","Beauty / Personal Care","Beauty/Personal Care",Houston,TX,"Greater Houston Area",no,14,[]
27,"Touch of Essence Beauty Supply","Beauty Supply / Hair Providerz","Beauty Supply/Hair Providers",Houston,TX,"Greater Houston Area",no,16,[]
28,"Erk & Jerk",Restaurants,"Restaurants/Brick and Mortar",Houston,TX,"Greater Houston Area",no,4,[]
29,"Amazing Street Beans HTX",Restaurants,"Restaurants/Brick and Mortar",Houston,TX,"Greater Houston Area",no,4,[]
30,"Manner + Manner","Retail / Shopping",Retail/Shopping,Houston,TX,"Greater Houston Area",no,13,[]
31,"Seven Thirteen Boutique","Retail / Shopping",Retail/Shopping,Houston,TX,"Greater Houston Area",no,13,[]
32,"The Reggae Hut",Restaurants,"Restaurants/Brick and Mortar",Houston,TX,"Greater Houston Area",no,4,[]
33,"Sauce Another HTX",Restaurants,"Restaurants/Brick and Mortar",Houston,TX,"Greater Houston Area",no,4,[]
34,"Anna J Custom Jewelry","Retail / Shopping",Retail/Shopping,Houston,TX,"Greater Houston Area",no,13,[90]
35,"ChariT's Inspirational Creations","Retail / Shopping",Retail/Shopping,Houston,TX,"Greater Houston Area",no,13,[91]
36,"Holistic Wellness Center HTX","Pharmacy / Health",Pharmacy/Health,Houston,TX,"Greater Houston Area",no,10,[]
37,"Kingdom Kutz & Styles","Beauty Supply / Hair Providerz","Beauty Supply/Hair Providers",Houston,TX,"Greater Houston Area",no,16,[]
38,"Motherland African Food Market","Grocery / Markets",Grocery/Markets,Houston,TX,"Greater Houston Area",no,5,[]
40,"Fresh Houwse Grocery","Grocery / Markets",Grocery/Markets,Houston,TX,"Greater Houston Area",no,5,[]
41,"Nia's Southern Kitchen","Home-Based Businessz","Home-Based Businesses",Houston,TX,"Greater Houston Area",no,6,[]
42,"Swift Deliveries HTX","Courier / Parcel","Courier/Parcel Delivery",Houston,TX,"Greater Houston Area",no,9,[]
43,"Flavor Fusions HTX","Home-Based Businessz","Home-Based Businesses",Houston,TX,"Greater Houston Area",no,6,[]
44,"The Black Market HTX","Local Events / Creators","Local Events/Creators",Houston,TX,"Greater Houston Area",no,11,[]
45,"Luxe Event Planning HTX","Local Events / Creators","Local Events/Creators",Houston,TX,"Greater Houston Area",no,11,[]
46,"Island Spice HTX","Home-Based Businessz","Home-Based Businesses",Houston,TX,"Greater Houston Area",no,6,[]
47,"Cococakes HTX","Home-Based Businessz","Home-Based Businesses",Houston,TX,"Greater Houston Area",no,6,[]
48,"Uforia Events HTX","Local Events / Creators","Local Events/Creators",Houston,TX,"Greater Houston Area",no,11,[]
51,"Crepe Cafe HTX","Home-Based Businessz","Home-Based Businesses",Houston,TX,"Greater Houston Area",no,6,[]
52,"Taqueria El Vecino","Local Events / Creators","Local Events/Creators",Houston,TX,"Greater Houston Area",no,11,[]
53,"Taste of Trinidad HTX","Home-Based Businessz","Home-Based Businesses",Houston,TX,"Greater Houston Area",no,6,[]
54,"The Waffle Bar HTX","Home-Based Businessz","Home-Based Businesses",Houston,TX,"Greater Houston Area",no,6,[]
55,"Boba Bae HTX","Home-Based Businessz","Home-Based Businesses",Houston,TX,"Greater Houston Area",no,6,[]
56,"Smoke & Spice HTX","Home-Based Businessz","Home-Based Businesses",Houston,TX,"Greater Houston Area",no,6,[]
58,"District Market Green Grocer","Grocery / Markets",Grocery/Markets,Houston,TX,"Greater Houston Area",no,5,[]
60,"Neal & Nettie's Grocery","Grocery / Markets",Grocery/Markets,Houston,TX,"Greater Houston Area",no,5,[]
61,"Atonsu Royal African & Caribbean Market","Grocery / Markets",Grocery/Markets,Houston,TX,"Greater Houston Area",no,5,[]
62,"Black Farmer Box","Grocery / Markets",Grocery/Markets,Houston,TX,"Greater Houston Area",no,5,[25]
63,"Heritage Bodega","Grocery / Markets",Grocery/Markets,Houston,TX,"Greater Houston Area",no,5,[]
64,"Urban Pantry Co.","Grocery / Markets",Grocery/Markets,Houston,TX,"Greater Houston Area",no,5,[]
65,"Good Health Market HTX","Grocery / Markets",Grocery/Markets,Houston,TX,"Greater Houston Area",no,5,[]
66,"Veggie Vibe HTX","Grocery / Markets",Grocery/Markets,Houston,TX,"Greater Houston Area",no,5,[]
67,"Abandoned Nation","Retail / Shopping",Retail/Shopping,Houston,TX,"Greater Houston Area",no,13,[85]
68,Kwenu,"Retail / Shopping",Retail/Shopping,Houston,TX,"Greater Houston Area",no,13,[]
69,"The Minka Collection","Retail / Shopping",Retail/Shopping,Houston,TX,"Greater Houston Area",no,13,[]
70,"First Impression Custom Clothes","Retail / Shopping",Retail/Shopping,Houston,TX,"Greater Houston Area",no,13,[]
71,"Di'Vine Boutique","Retail / Shopping",Retail/Shopping,Houston,TX,"Greater Houston Area",no,13,[85]
72,"Maison de Joie","Retail / Shopping",Retail/Shopping,Houston,TX,"Greater Houston Area",no,13,[89]
73,"KickSpott HTX","Retail / Shopping",Retail/Shopping,Houston,TX,"Greater Houston Area",no,13,[95]
74,"Retro Rose HTX","Retail / Shopping",Retail/Shopping,Houston,TX,"Greater Houston Area",no,13,[]
75,"Groomed HTX","Retail / Shopping",Retail/Shopping,Houston,TX,"Greater Houston Area",no,13,[]
76,"Blessed Beauty Supply & Salon","Beauty Supply / Hair Providerz","Beauty Supply/Hair Providers",Houston,TX,"Greater Houston Area",no,16,[]
77,"Anan Beauty Supply","Beauty Supply / Hair Providerz","Beauty Supply/Hair Providers",Houston,TX,"Greater Houston Area",no,16,[]
78,"Uptown Beauty Supply #15","Beauty Supply / Hair Providerz","Beauty Supply/Hair Providers",Houston,TX,"Greater Houston Area",no,16,[]
79,"Beauty Sense LLC","Beauty Supply / Hair Providerz","Beauty Supply/Hair Providers",Houston,TX,"Greater Houston Area",no,16,[]
80,"C&R Beauty Supply","Beauty Supply / Hair Providerz","Beauty Supply/Hair Providers",Houston,TX,"Greater Houston Area",no,16,[]
81,"Royal Hair Weave Boutique","Beauty Supply / Hair Providerz","Beauty Supply/Hair Providers",Houston,TX,"Greater Houston Area",no,16,[]
82,"Classic Crown Supplies","Beauty Supply / Hair Providerz","Beauty Supply/Hair Providers",Houston,TX,"Greater Houston Area",no,16,[]
83,"Zuriel Pharmacy","Pharmacy / Health",Pharmacy/Health,Houston,TX,"Greater Houston Area",no,10,[]
84,"Nature Green Leaf Pharmacy","Pharmacy / Health",Pharmacy/Health,Houston,TX,"Greater Houston Area",no,10,[]
85,"Healthy Life Pharmacy","Pharmacy / Health",Pharmacy/Health,Houston,TX,"Greater Houston Area",no,10,[]
86,"PowerRX Pharmacy","Pharmacy / Health",Pharmacy/Health,Houston,TX,"Greater Houston Area",no,10,[]
87,"Wellness Point HTX","Pharmacy / Health",Pharmacy/Health,Houston,TX,"Greater Houston Area",no,10,[]
88,"Central Apothecary HTX","Pharmacy / Health",Pharmacy/Health,Houston,TX,"Greater Houston Area",no,10,[]
89,"Lady Teez Medical Courier","Courier / Parcel","Courier/Parcel Delivery",Houston,TX,"Greater Houston Area",no,9,[]
90,"Silver Streak Couriers","Courier / Parcel","Courier/Parcel Delivery",Houston,TX,"Greater Houston Area",no,9,[]
91,"Journee Courier HTX","Courier / Parcel","Courier/Parcel Delivery",Houston,TX,"Greater Houston Area",no,9,[]
92,"Meratrans Courier & Dispatch","Courier / Parcel","Courier/Parcel Delivery",Houston,TX,"Greater Houston Area",no,9,[]
93,"AREA Express","Courier / Parcel","Courier/Parcel Delivery",Houston,TX,"Greater Houston Area",no,9,[]
94,"Maylee Delivery HTX","Courier / Parcel","Courier/Parcel Delivery",Houston,TX,"Greater Houston Area",no,9,[]
95,"By Taylor Brione Events","Local Events / Creators","Local Events/Creators",Houston,TX,"Greater Houston Area",no,11,[]
96,"Events By Tab / Soirée Event Venues","Local Events / Creators","Local Events/Creators",Houston,TX,"Greater Houston Area",no,11,[]
97,"A to Z Events HTX","Local Events / Creators","Local Events/Creators",Houston,TX,"Greater Houston Area",no,11,[]
98,"Doyin Fash Events","Local Events / Creators","Local Events/Creators",Houston,TX,"Greater Houston Area",no,11,[]
99,"ABIBI Bridal","Local Events / Creators","Local Events/Creators",Houston,TX,"Greater Houston Area",no,11,[]
100,"Vivid Glam Artistry","Local Events / Creators","Local Events/Creators",Houston,TX,"Greater Houston Area",no,11,[]
101,"Social Tea HTX","Local Events / Creators","Local Events/Creators",Houston,TX,"Greater Houston Area",no,11,[130]
102,"Creative Pop-up Collective HTX","Local Events / Creators","Local Events/Creators",Houston,TX,"Greater Houston Area",no,11,[]
103,"Arnita's Kandi Kakes","Home-Based Businessz","Home-Based Businesses",Houston,TX,"Greater Houston Area",no,6,[]
104,"Chic Sweets Bakery","Home-Based Businessz","Home-Based Businesses",Houston,TX,"Greater Houston Area",no,6,[]
105,"Gateaux d'Ije Bakery","Home-Based Businessz","Home-Based Businesses",Houston,TX,"Greater Houston Area",no,6,[]
106,"Catering by FDL","Home-Based Businessz","Home-Based Businesses",Houston,TX,"Greater Houston Area",no,6,[]
107,"Lunch Bunch HTX","Home-Based Businessz","Home-Based Businesses",Houston,TX,"Greater Houston Area",no,6,[]
108,"Sweet Art Bakery","Home-Based Businessz","Home-Based Businesses",Houston,TX,"Greater Houston Area",no,6,[]
109,"Crafted by Koi","Home-Based Businessz","Home-Based Businesses",Houston,TX,"Greater Houston Area",no,6,[]
110,"Rooted Floral HTX","Home-Based Businessz","Home-Based Businesses",Houston,TX,"Greater Houston Area",no,6,[]
111,"Mr. Guillory's Master Barber Shop","Beauty / Personal Care","Beauty/Personal Care",Houston,TX,"Greater Houston Area",no,14,[]
112,"Sarem's Barber & Beauty Ethiopian Salon","Beauty / Personal Care","Beauty/Personal Care",Houston,TX,"Greater Houston Area",no,14,[]
113,"Brashae's Beauty Salon & Supply","Beauty / Personal Care","Beauty/Personal Care",Houston,TX,"Greater Houston Area",no,14,[]
114,"Divine Beauty Studio","Beauty / Personal Care","Beauty/Personal Care",Houston,TX,"Greater Houston Area",no,14,[]
115,"The Nail Lounge HTX","Beauty / Personal Care","Beauty/Personal Care",Houston,TX,"Greater Houston Area",no,14,[]
116,"Glow Skincare Studio","Beauty / Personal Care","Beauty/Personal Care",Houston,TX,"Greater Houston Area",no,14,[]
117,"Radiance Med Spa","Beauty / Personal Care","Beauty/Personal Care",Houston,TX,"Greater Houston Area",no,14,[]
119,"Damian's Cajun Soul Cafe",Restaurants,"Restaurants/Brick and Mortar",Dallas,TX,"Greater Dallas Area",no,4,[]
120,"TLC Vegan Kitchen",Restaurants,"Restaurants/Brick and Mortar",Dallas,TX,"Greater Dallas Area",no,4,[]
121,"Catfish Floyd's",Restaurants,"Restaurants/Brick and Mortar",Dallas,TX,"Greater Dallas Area",no,4,[]
122,"Roots Southern Table",Restaurants,"Restaurants/Brick and Mortar",Dallas,TX,"Greater Dallas Area",no,4,[]
123,"Brunch Society DAL","Local Events / Creators","Local Events/Creators",Dallas,TX,"Greater Dallas Area",no,11,[]
124,"Kitchen + Kocktails",Restaurants,"Restaurants/Brick and Mortar",Dallas,TX,"Greater Dallas Area",no,4,[]
125,"Sankofa Kitchen",Restaurants,"Restaurants/Brick and Mortar",Dallas,TX,"Greater Dallas Area",no,4,[]
126,"Pangea Restaurant",Restaurants,"Restaurants/Brick and Mortar",Dallas,TX,"Greater Dallas Area",no,4,[]
127,"The Breakfast Brothers",Restaurants,"Restaurants/Brick and Mortar",Dallas,TX,"Greater Dallas Area",no,4,[]
128,"Lil Boy Blue BBQ","Food Trucks","Food Trucks",Dallas,TX,"Greater Dallas Area",no,12,"[13,50]"
129,"Shells & Tails 2 Geaux","Food Trucks","Food Trucks",Dallas,TX,"Greater Dallas Area",no,12,[51]
130,"Vegan Vibrationz","Food Trucks","Food Trucks",Dallas,TX,"Greater Dallas Area",no,12,[]
131,"Cake Bar Dallas","Grocery / Markets",Grocery/Markets,Dallas,TX,"Greater Dallas Area",no,5,[]
132,"Tre Stelle Coffee Co.","Grocery / Markets",Grocery/Markets,Dallas,TX,"Greater Dallas Area",no,5,[]
133,"Flavors Wings N Daiquiris",Restaurants,"Restaurants/Brick and Mortar",Dallas,TX,"Greater Dallas Area",no,4,[]
134,"The Daiquiri Shoppe",Restaurants,"Restaurants/Brick and Mortar",Dallas,TX,"Greater Dallas Area",no,4,[]
135,"Reggae Jerk Hut",Restaurants,"Restaurants/Brick and Mortar",Dallas,TX,"Greater Dallas Area",no,4,[]
136,"Winsome Prime",Restaurants,"Restaurants/Brick and Mortar",Dallas,TX,"Greater Dallas Area",no,4,[]
137,"Big Moe's Custom Catering","Home-Based Businessz","Home-Based Businesses",Dallas,TX,"Greater Dallas Area",no,6,[]
138,"Brown Bag Gourmet Coffees","Grocery / Markets",Grocery/Markets,Dallas,TX,"Greater Dallas Area",no,5,[]
139,"Sacred Heart Co.","Retail / Shopping",Retail/Shopping,Dallas,TX,"Greater Dallas Area",no,13,[]
140,"Manifest Your Purpose","Retail / Shopping",Retail/Shopping,Dallas,TX,"Greater Dallas Area",no,13,[]
141,"Gossip Shack",Restaurants,"Restaurants/Brick and Mortar",Austin,TX,"Greater Austin Area",no,4,[]
142,"Watts-That Soul Food",Restaurants,"Restaurants/Brick and Mortar",Austin,TX,"Greater Austin Area",no,4,[]
143,"Whip My Soul",Restaurants,"Restaurants/Brick and Mortar",Austin,TX,"Greater Austin Area",no,4,[]
144,"Hoover's Cooking",Restaurants,"Restaurants/Brick and Mortar",Austin,TX,"Greater Austin Area",no,4,[]
145,"Big Easy Bar & Grill",Restaurants,"Restaurants/Brick and Mortar",Austin,TX,"Greater Austin Area",no,4,[]
147,"Rolling Rooster","Food Trucks","Food Trucks",Austin,TX,"Greater Austin Area",no,12,[52]
148,"Les Bobos Crepes","Food Trucks","Food Trucks",Austin,TX,"Greater Austin Area",no,12,[]
149,"Clean Juice Round Rock","Grocery / Markets",Grocery/Markets,Austin,TX,"Greater Austin Area",no,5,[]
150,"Dia's Market","Grocery / Markets",Grocery/Markets,Austin,TX,"Greater Austin Area",no,5,[]
151,"Gigi's Cupcakes Austin","Grocery / Markets",Grocery/Markets,Austin,TX,"Greater Austin Area",no,5,[]
152,"Kreyol Korner Caribbean Cuisine","Food Trucks","Food Trucks",Austin,TX,"Greater Austin Area",no,12,[55]
153,"Brown's Bar-B-Que",Restaurants,"Restaurants/Brick and Mortar",Austin,TX,"Greater Austin Area",no,4,[14]
154,"Tony's Jamaican Food",Restaurants,"Restaurants/Brick and Mortar",Austin,TX,"Greater Austin Area",no,4,[]
155,"LUX Boards ATX","Home-Based Businessz","Home-Based Businesses",Austin,TX,"Greater Austin Area",no,6,[]
156,"Playhouse Moving","Courier / Parcel","Courier/Parcel Delivery",Austin,TX,"Greater Austin Area",no,9,[]
157,"R&B's Steak and Fries",Restaurants,"Restaurants/Brick and Mortar",Austin,TX,"Greater Austin Area",no,4,[]
158,"Sassy's Vegetarian Soul Food",Restaurants,"Restaurants/Brick and Mortar",Austin,TX,"Greater Austin Area",no,4,[]
159,"Cranky Granny's Sweet Rolls","Grocery / Markets",Grocery/Markets,Austin,TX,"Greater Austin Area",no,5,[]
160,"3 Small Plates Catering","Home-Based Businessz","Home-Based Businesses",Austin,TX,"Greater Austin Area",no,6,[]
161,"Black Butterfly Bath & Body","Retail / Shopping",Retail/Shopping,Austin,TX,"Greater Austin Area",no,13,[]
162,"Tava Lifestyle and Wellness","Pharmacy / Health",Pharmacy/Health,Austin,TX,"Greater Austin Area",no,10,[]
163,"Jamaican Spyci Flavaz",Restaurants,"Restaurants/Brick and Mortar",Huntsville,TX,"Greater Huntsville Area",no,4,[]
164,"Kings Soul Seasoning","Grocery / Markets",Grocery/Markets,Huntsville,TX,"Greater Huntsville Area",no,5,[]
165,"Big Johns BBQ",Restaurants,"Restaurants/Brick and Mortar",Huntsville,TX,"Greater Huntsville Area",no,4,[14]
166,"Huntsville Nutrition Center","Pharmacy / Health",Pharmacy/Health,Huntsville,TX,"Greater Huntsville Area",no,10,[]
167,"Touch of Class Boutique","Retail / Shopping",Retail/Shopping,Huntsville,TX,"Greater Huntsville Area",no,13,[]
168,"KC's Food Truck","Food Trucks","Food Trucks",Huntsville,TX,"Greater Huntsville Area",no,12,[]
169,"Smooth Moves Courier","Courier / Parcel","Courier/Parcel Delivery",Huntsville,TX,"Greater Huntsville Area",no,9,[]
170,"Walker County Event Collective","Local Events / Creators","Local Events/Creators",Huntsville,TX,"Greater Huntsville Area",no,11,[]
171,"Sweet Creations Bakery","Home-Based Businessz","Home-Based Businesses",Huntsville,TX,"Greater Huntsville Area",no,6,[]
172,"Precision Cuts Barbershop","Beauty / Personal Care","Beauty/Personal Care",Huntsville,TX,"Greater Huntsville Area",no,14,[]
173,"1918 Catering","Home-Based Businessz","Home-Based Businesses",Birmingham,AL,"Greater Birmingham Area",no,6,[]
174,"Alamerica Bank","Pharmacy / Health",Pharmacy/Health,Birmingham,AL,"Greater Birmingham Area",no,10,[]
175,"Eagle's Restaurant",Restaurants,"Restaurants/Brick and Mortar",Birmingham,AL,"Greater Birmingham Area",no,4,[]
176,"Saw's Soul Kitchen",Restaurants,"Restaurants/Brick and Mortar",Birmingham,AL,"Greater Birmingham Area",no,4,[14]
177,"Bistro 218",Restaurants,"Restaurants/Brick and Mortar",Birmingham,AL,"Greater Birmingham Area",no,4,[]
178,"Mudtown Restaurant",Restaurants,"Restaurants/Brick and Mortar",Birmingham,AL,"Greater Birmingham Area",no,4,[]
179,"Johnny's Shrimp Boat","Food Trucks","Food Trucks",Birmingham,AL,"Greater Birmingham Area",no,12,[51]
180,"The Vegan Lady","Food Trucks","Food Trucks",Birmingham,AL,"Greater Birmingham Area",no,12,[]
181,"Piggly Wiggly Alabama","Grocery / Markets",Grocery/Markets,Birmingham,AL,"Greater Birmingham Area",no,5,[]
182,"Naturally Yours Market","Grocery / Markets",Grocery/Markets,Birmingham,AL,"Greater Birmingham Area",no,5,[]
183,"Feet on the Street Courier","Courier / Parcel","Courier/Parcel Delivery",Birmingham,AL,"Greater Birmingham Area",no,9,[]
184,"BJCC Event Services","Local Events / Creators","Local Events/Creators",Birmingham,AL,"Greater Birmingham Area",no,11,[]
185,"Ava's Custom Cakes","Home-Based Businessz","Home-Based Businesses",Birmingham,AL,"Greater Birmingham Area",no,6,[]
186,"404 Coffee",Restaurants,"Restaurants/Brick and Mortar",Atlanta,GA,"Greater Atlanta Area",no,4,[]
187,"Rivet Boy's Clothing & Accessories","Retail / Shopping",Retail/Shopping,Atlanta,GA,"Greater Atlanta Area",no,13,[85]
188,"Paschal's Restaurant",Restaurants,"Restaurants/Brick and Mortar",Atlanta,GA,"Greater Atlanta Area",no,4,[]
189,"Busy Bee Cafe",Restaurants,"Restaurants/Brick and Mortar",Atlanta,GA,"Greater Atlanta Area",no,4,[]
190,"Mary Mac's Tea Room",Restaurants,"Restaurants/Brick and Mortar",Atlanta,GA,"Greater Atlanta Area",no,4,[]
191,"Gladys Knight's Chicken & Waffles",Restaurants,"Restaurants/Brick and Mortar",Atlanta,GA,"Greater Atlanta Area",no,4,[]
192,"Mary's Bar-B-Que",Restaurants,"Restaurants/Brick and Mortar",Atlanta,GA,"Greater Atlanta Area",no,4,[14]
193,"The Comfort Kitchen ATL","Food Trucks","Food Trucks",Atlanta,GA,"Greater Atlanta Area",no,12,[]
194,"Da Vegan Guru","Food Trucks","Food Trucks",Atlanta,GA,"Greater Atlanta Area",no,12,[]
195,"Sevananda Natural Foods Market","Grocery / Markets",Grocery/Markets,Atlanta,GA,"Greater Atlanta Area",no,5,[]
196,"Your Dekalb Farmers Market","Grocery / Markets",Grocery/Markets,Atlanta,GA,"Greater Atlanta Area",no,5,[]
197,"Harold's Beauty Supply","Beauty Supply / Hair Providerz","Beauty Supply/Hair Providers",Atlanta,GA,"Greater Atlanta Area",no,16,[]
198,"Morris Pharmacy","Pharmacy / Health",Pharmacy/Health,Atlanta,GA,"Greater Atlanta Area",no,10,[]
199,"City Express Courier","Courier / Parcel","Courier/Parcel Delivery",Atlanta,GA,"Greater Atlanta Area",no,9,[]
200,"Sweets by Shanika","Home-Based Businessz","Home-Based Businesses",Atlanta,GA,"Greater Atlanta Area",no,6,[]
201,"5 Minds Studios","Beauty / Personal Care","Beauty/Personal Care",Atlanta,GA,"Greater Atlanta Area",no,14,[]
202,"Nourish Beauty Bar","Beauty / Personal Care","Beauty/Personal Care",Atlanta,GA,"Greater Atlanta Area",no,14,[]
203,"Heritage ATL Event Space","Local Events / Creators","Local Events/Creators",Atlanta,GA,"Greater Atlanta Area",no,11,[]
204,"Fast Lane Courier ATL","Courier / Parcel","Courier/Parcel Delivery",Atlanta,GA,"Greater Atlanta Area",no,9,[]
205,"Slim & Husky's Pizza",Restaurants,"Restaurants/Brick and Mortar",Memphis,TN,"Memphis Area",no,4,[]
207,"Four Way Restaurant",Restaurants,"Restaurants/Brick and Mortar",Memphis,TN,"Memphis Area",no,4,[]
208,"The Gray Canary",Restaurants,"Restaurants/Brick and Mortar",Memphis,TN,"Memphis Area",no,4,[]
209,"Memphis BBQ Co.","Food Trucks","Food Trucks",Memphis,TN,"Memphis Area",no,12,"[13,50]"
210,"Earnestine & Hazel's",Restaurants,"Restaurants/Brick and Mortar",Memphis,TN,"Memphis Area",no,4,[]
211,"Cash Saver Grocery","Grocery / Markets",Grocery/Markets,Memphis,TN,"Memphis Area",no,5,[]
212,"Crown Beauty Supply","Beauty Supply / Hair Providerz","Beauty Supply/Hair Providers",Memphis,TN,"Memphis Area",no,16,[]
213,"Shelby Pharmacy","Pharmacy / Health",Pharmacy/Health,Memphis,TN,"Memphis Area",no,10,[]
214,"Bluff City Courier","Courier / Parcel","Courier/Parcel Delivery",Memphis,TN,"Memphis Area",no,9,[]
215,"Memphis Made Event Space","Local Events / Creators","Local Events/Creators",Memphis,TN,"Memphis Area",no,11,[]
216,"Sweet La La's Bakery","Home-Based Businessz","Home-Based Businesses",Memphis,TN,"Memphis Area",no,6,[]
217,"House of Scent","Retail / Shopping",Retail/Shopping,Memphis,TN,"Memphis Area",no,13,[]
218,"Fresh Barber Co.","Beauty / Personal Care","Beauty/Personal Care",Memphis,TN,"Memphis Area",no,14,[]
219,"Natasha's Nail Studio","Beauty / Personal Care","Beauty/Personal Care",Memphis,TN,"Memphis Area",no,14,[]
220,"Rise & Shine Courier","Courier / Parcel","Courier/Parcel Delivery",Memphis,TN,"Memphis Area",no,9,[]
221,"Leon's Finest BBQ",Restaurants,"Restaurants/Brick and Mortar",Brazoria,TX,"Brazoria, Matagorda, Galveston, Wharton, Jefferson County Areas",no,4,[14]
222,"Shirley's Soul Food Kitchen",Restaurants,"Restaurants/Brick and Mortar","Lake Jackson",TX,"Brazoria, Matagorda, Galveston, Wharton, Jefferson County Areas",no,4,[]
223,"Clute Cafeteria",Restaurants,"Restaurants/Brick and Mortar",Freeport,TX,"Brazoria, Matagorda, Galveston, Wharton, Jefferson County Areas",no,4,[]
224,"Freeport Soul Shack","Food Trucks","Food Trucks",Brazoria,TX,"Brazoria, Matagorda, Galveston, Wharton, Jefferson County Areas",no,12,[58]
225,"Brazoria Fresh Market","Grocery / Markets",Grocery/Markets,Beaumont,TX,"Brazoria, Matagorda, Galveston, Wharton, Jefferson County Areas",no,5,[]
226,"Victoria's Seaside Bistro",Restaurants,"Restaurants/Brick and Mortar",Beaumont,TX,"Brazoria, Matagorda, Galveston, Wharton, Jefferson County Areas",no,4,[]
227,"NIA Cultural Center Events","Local Events / Creators","Local Events/Creators",Galveston,TX,"Brazoria, Matagorda, Galveston, Wharton, Jefferson County Areas",no,11,[]
230,"Wharton County Catering","Home-Based Businessz","Home-Based Businesses","Texas City",TX,"Brazoria, Matagorda, Galveston, Wharton, Jefferson County Areas",no,6,[]
232,"Patillo's BBQ",Restaurants,"Restaurants/Brick and Mortar","Texas City",TX,"Brazoria, Matagorda, Galveston, Wharton, Jefferson County Areas",no,4,[14]
233,"Suga's Deep South Cuisine & Jazz Bar",Restaurants,"Restaurants/Brick and Mortar",Beaumont,TX,"Brazoria, Matagorda, Galveston, Wharton, Jefferson County Areas",no,4,[]
234,"Yorey's Urban Eats",Restaurants,"Restaurants/Brick and Mortar",Wharton,TX,"Brazoria, Matagorda, Galveston, Wharton, Jefferson County Areas",no,4,[]
235,"Bocca Felice Italian Grill",Restaurants,"Restaurants/Brick and Mortar","Bay City",TX,"Brazoria, Matagorda, Galveston, Wharton, Jefferson County Areas",no,4,[]
236,"Rosie's Soul Food",Restaurants,"Restaurants/Brick and Mortar","Lake Jackson",TX,"Brazoria, Matagorda, Galveston, Wharton, Jefferson County Areas",no,4,[]
237,"The Grill At 105",Restaurants,"Restaurants/Brick and Mortar",Brazoria,TX,"Brazoria, Matagorda, Galveston, Wharton, Jefferson County Areas",no,4,[]
239,"Monk House Seafood",Restaurants,"Restaurants/Brick and Mortar",Wharton,TX,"Brazoria, Matagorda, Galveston, Wharton, Jefferson County Areas",no,4,[]
240,"Healthy Foods Market","Grocery / Markets",Grocery/Markets,"Texas City",TX,"Brazoria, Matagorda, Galveston, Wharton, Jefferson County Areas",no,5,[]
241,"Quick Foods Grocery","Grocery / Markets",Grocery/Markets,"Port Arthur",TX,"Brazoria, Matagorda, Galveston, Wharton, Jefferson County Areas",no,5,[]
242,"Divine Cuts and Styles","Beauty Supply / Hair Providerz","Beauty Supply/Hair Providers","Port Arthur",TX,"Brazoria, Matagorda, Galveston, Wharton, Jefferson County Areas",no,16,[]
243,"Goodson's Pharmacy","Pharmacy / Health",Pharmacy/Health,"Lake Jackson",TX,"Brazoria, Matagorda, Galveston, Wharton, Jefferson County Areas",no,10,[]
245,"Savvy Stylist Beauty Bar","Beauty / Personal Care","Beauty/Personal Care","Texas City",TX,"Brazoria, Matagorda, Galveston, Wharton, Jefferson County Areas",no,14,[]
246,"Hair by Niya","Beauty / Personal Care","Beauty/Personal Care","Bay City",TX,"Brazoria, Matagorda, Galveston, Wharton, Jefferson County Areas",no,14,[]
247,"Southern Sweetz Bakery","Home-Based Businessz","Home-Based Businesses",Angleton,TX,"Brazoria, Matagorda, Galveston, Wharton, Jefferson County Areas",no,6,[]
248,"Fenomenal Flashes Empire","Food Trucks","Food Trucks","Bay City",TX,"Brazoria, Matagorda, Galveston, Wharton, Jefferson County Areas",no,12,[]
249,"Kountry Boyz Mobile Grill","Food Trucks","Food Trucks",Angleton,TX,"Brazoria, Matagorda, Galveston, Wharton, Jefferson County Areas",no,12,[]
250,"Dulan's Soul Food Kitchen",Restaurants,"Restaurants/Brick and Mortar","Los Angeles",CA,"Greater Los Angeles Area",no,4,[]
251,"Simply Wholesome","Grocery / Markets",Grocery/Markets,"Los Angeles",CA,"Greater Los Angeles Area",no,5,[]
252,"Sole Folks","Retail / Shopping",Retail/Shopping,"Los Angeles",CA,"Greater Los Angeles Area",no,13,[]
253,"Nappily Naturals & Apothecary","Pharmacy / Health",Pharmacy/Health,"Los Angeles",CA,"Greater Los Angeles Area",no,10,[]
254,"1987 Juices",Restaurants,"Restaurants/Brick and Mortar","Los Angeles",CA,"Greater Los Angeles Area",no,4,[]
255,"Blackline Coffee","Grocery / Markets",Grocery/Markets,"Los Angeles",CA,"Greater Los Angeles Area",no,5,[]
256,KUTULA,Restaurants,"Restaurants/Brick and Mortar","Los Angeles",CA,"Greater Los Angeles Area",no,4,[]
257,"MoBetta Food Truck","Food Trucks","Food Trucks","Los Angeles",CA,"Greater Los Angeles Area",no,12,[58]
265,"Call Me Cake Soul Food",Restaurants,"Restaurants/Brick and Mortar","Las Vegas",NV,"Greater Las Vegas Area",no,4,[]
266,"Tasty T's Cheesecakes","Grocery / Markets",Grocery/Markets,"Las Vegas",NV,"Greater Las Vegas Area",no,5,[]
267,"SoulFoo'd Restaurant",Restaurants,"Restaurants/Brick and Mortar","Las Vegas",NV,"Greater Las Vegas Area",no,4,[]
268,"The LaMarre Theater","Local Events / Creators","Local Events/Creators","Las Vegas",NV,"Greater Las Vegas Area",no,11,[]
269,"Tofu Tees Boutique","Retail / Shopping",Retail/Shopping,"Las Vegas",NV,"Greater Las Vegas Area",no,13,[]
270,"B4 & After Nail Boutique","Beauty / Personal Care","Beauty/Personal Care","Las Vegas",NV,"Greater Las Vegas Area",no,14,[]
271,"Legends Barber Studio","Beauty / Personal Care","Beauty/Personal Care","Las Vegas",NV,"Greater Las Vegas Area",no,14,[]
272,"Left of Center Gallery","Local Events / Creators","Local Events/Creators","Las Vegas",NV,"Greater Las Vegas Area",no,11,[]
279,"Jackson Soul Food",Restaurants,"Restaurants/Brick and Mortar",Miami,FL,"Greater Miami Area",no,4,[]
280,"Ms. Cheezious","Food Trucks","Food Trucks",Miami,FL,"Greater Miami Area",no,12,[]
281,"Cafe des Fleurs","Grocery / Markets",Grocery/Markets,Miami,FL,"Greater Miami Area",no,5,[]
282,"King of Opa Locka Grill",Restaurants,"Restaurants/Brick and Mortar",Miami,FL,"Greater Miami Area",no,4,[]
283,"Nena's Organics","Grocery / Markets",Grocery/Markets,Miami,FL,"Greater Miami Area",no,5,[]
284,"305 Concierge Courier","Courier / Parcel","Courier/Parcel Delivery",Miami,FL,"Greater Miami Area",no,9,[]
285,"Optical City Miami","Pharmacy / Health",Pharmacy/Health,Miami,FL,"Greater Miami Area",no,10,[]
286,"13 Pirates Eat Food Truck","Food Trucks","Food Trucks",Miami,FL,"Greater Miami Area",no,12,[51]
287,"Shiphrah's Jewels","Retail / Shopping",Retail/Shopping,Miami,FL,"Greater Miami Area",no,13,[90]
288,"Suga Glow Beauty Studio","Beauty / Personal Care","Beauty/Personal Care",Miami,FL,"Greater Miami Area",no,14,[]
289,"Miami Event Collective","Local Events / Creators","Local Events/Creators",Miami,FL,"Greater Miami Area",no,11,[]
290,"Kulture Bakes","Home-Based Businessz","Home-Based Businesses",Miami,FL,"Greater Miami Area",no,6,[]
291,"The Half Smoke",Restaurants,"Restaurants/Brick and Mortar",Washington,DC,"Greater DMV Area",no,4,[]
292,"Jaliyaa Coffee Truck","Food Trucks","Food Trucks",Washington,DC,"Greater DMV Area",no,12,[]
293,"Simply Fresh Market","Grocery / Markets",Grocery/Markets,Washington,DC,"Greater DMV Area",no,5,[]
294,"Bailiwick Clothing","Retail / Shopping",Retail/Shopping,Washington,DC,"Greater DMV Area",no,13,[]
295,"Capitol Couriers DC","Courier / Parcel","Courier/Parcel Delivery",Washington,DC,"Greater DMV Area",no,9,[]
296,"Hue Health Pharmacy","Pharmacy / Health",Pharmacy/Health,Washington,DC,"Greater DMV Area",no,10,[]
297,"Moe's Barbershop DC","Beauty / Personal Care","Beauty/Personal Care",Washington,DC,"Greater DMV Area",no,14,[]
298,"DC Art Collective","Local Events / Creators","Local Events/Creators",Washington,DC,"Greater DMV Area",no,11,[]
299,"Kulture Bakery DC","Home-Based Businessz","Home-Based Businesses",Washington,DC,"Greater DMV Area",no,6,[]
300,"The Treats Factory","Grocery / Markets",Grocery/Markets,Washington,DC,"Greater DMV Area",no,5,[]
301,"Nelson's Buffeteria",Restaurants,"Restaurants/Brick and Mortar",Tulsa,OK,"Greater Tulsa Area",no,4,[]
302,"Wanda J's Kitchen",Restaurants,"Restaurants/Brick and Mortar",Tulsa,OK,"Greater Tulsa Area",no,4,[]
303,"The Vault Restaurant",Restaurants,"Restaurants/Brick and Mortar",Tulsa,OK,"Greater Tulsa Area",no,4,[]
304,"Greenwood Grocery","Grocery / Markets",Grocery/Markets,Tulsa,OK,"Greater Tulsa Area",no,5,[]
305,"Black Wall Street Events","Local Events / Creators","Local Events/Creators",Tulsa,OK,"Greater Tulsa Area",no,11,[]
306,"Tulsa Pharmacy Services","Pharmacy / Health",Pharmacy/Health,Tulsa,OK,"Greater Tulsa Area",no,10,[]
307,"Courier Plus Tulsa","Courier / Parcel","Courier/Parcel Delivery",Tulsa,OK,"Greater Tulsa Area",no,9,[]
308,"Lena's Homemade Pies","Home-Based Businessz","Home-Based Businesses",Tulsa,OK,"Greater Tulsa Area",no,6,[]
309,"Da Tastee Food Truck","Food Trucks","Food Trucks",Tulsa,OK,"Greater Tulsa Area",no,12,[58]
310,"Classy Nails & Spa","Beauty / Personal Care","Beauty/Personal Care",Tulsa,OK,"Greater Tulsa Area",no,14,[]
311,"Greenwood Barber Lounge","Beauty / Personal Care","Beauty/Personal Care",Tulsa,OK,"Greater Tulsa Area",no,14,[]
312,"The Supper Club CLT",Restaurants,"Restaurants/Brick and Mortar",Charlotte,NC,"Greater Charlotte Area",no,4,[]
313,"Lebanon's Restaurant",Restaurants,"Restaurants/Brick and Mortar",Charlotte,NC,"Greater Charlotte Area",no,4,[]
314,"Mama's Caribbean Grill",Restaurants,"Restaurants/Brick and Mortar",Charlotte,NC,"Greater Charlotte Area",no,4,[]
315,"Sweet Lew's BBQ",Restaurants,"Restaurants/Brick and Mortar",Charlotte,NC,"Greater Charlotte Area",no,4,[14]
316,"Leroy Fox",Restaurants,"Restaurants/Brick and Mortar",Charlotte,NC,"Greater Charlotte Area",no,4,[]
317,"Pot Belly Sandwich Food Truck","Food Trucks","Food Trucks",Charlotte,NC,"Greater Charlotte Area",no,12,[]
318,"Uptown Market CLT","Grocery / Markets",Grocery/Markets,Charlotte,NC,"Greater Charlotte Area",no,5,[]
319,"CLT Fashion Boutique","Retail / Shopping",Retail/Shopping,Charlotte,NC,"Greater Charlotte Area",no,13,[]
320,"Carolina Health Pharmacy","Pharmacy / Health",Pharmacy/Health,Charlotte,NC,"Greater Charlotte Area",no,10,[]
321,"Queen City Courier","Courier / Parcel","Courier/Parcel Delivery",Charlotte,NC,"Greater Charlotte Area",no,9,[]
322,"CLT Events Venue","Local Events / Creators","Local Events/Creators",Charlotte,NC,"Greater Charlotte Area",no,11,[]
323,"Sweet Bella Bakery","Home-Based Businessz","Home-Based Businesses",Charlotte,NC,"Greater Charlotte Area",no,6,[]
324,"Crown Cuts Barbershop","Beauty / Personal Care","Beauty/Personal Care",Charlotte,NC,"Greater Charlotte Area",no,14,[]
325,"Jacob Restaurant",Restaurants,"Restaurants/Brick and Mortar","New York",NY,"Greater NYC Area",no,4,[]
326,"Miss Mamie's Spoonbread Too",Restaurants,"Restaurants/Brick and Mortar","New York",NY,"Greater NYC Area",no,4,[]
327,"Barney Greengrass","Grocery / Markets",Grocery/Markets,"New York",NY,"Greater NYC Area",no,5,[]
328,"Harlem Seafood Soul","Food Trucks","Food Trucks","New York",NY,"Greater NYC Area",no,12,[51]
329,"Nubian Heritage Market","Grocery / Markets",Grocery/Markets,"New York",NY,"Greater NYC Area",no,5,[]
338,"Luzia Shop","Retail / Shopping",Retail/Shopping,Houston,TX,"Greater Houston Area",no,13,[]
339,"Class Bookstore","Retail / Shopping",Retail/Shopping,Houston,TX,"Greater Houston Area",no,13,[]
340,"The Blaq Shopp","Retail / Shopping",Retail/Shopping,Houston,TX,"Greater Houston Area",no,13,[]
342,"GloGele & Fashion World","Retail / Shopping",Retail/Shopping,Houston,TX,"Greater Houston Area",no,13,[]
343,"SisStore Joy Christian Bookstore","Retail / Shopping",Retail/Shopping,Houston,TX,"Greater Houston Area",no,13,[]
344,"Mr. Black's Boutique","Retail / Shopping",Retail/Shopping,Miami,FL,"Greater Miami Area",no,13,[]
345,"Roots Bookstore & Market","Retail / Shopping",Retail/Shopping,Miami,FL,"Greater Miami Area",no,13,[]
346,"Unique African Boutique","Retail / Shopping",Retail/Shopping,Miami,FL,"Greater Miami Area",no,13,[]
347,"Bohemi Chic","Retail / Shopping",Retail/Shopping,Miami,FL,"Greater Miami Area",no,13,[]
348,"Ankara Delights","Retail / Shopping",Retail/Shopping,Miami,FL,"Greater Miami Area",no,13,[]
349,"PD&K Beauty Supply","Beauty Supply / Hair Providerz","Beauty Supply/Hair Providers",Atlanta,GA,"Greater Atlanta Area",no,16,[]
350,"Nubian Beauty Supply","Beauty Supply / Hair Providerz","Beauty Supply/Hair Providers",Atlanta,GA,"Greater Atlanta Area",no,16,[]
351,"Ideal Beauty Supply & Suites","Beauty Supply / Hair Providerz","Beauty Supply/Hair Providers",Atlanta,GA,"Greater Atlanta Area",no,16,[]
352,"Ebony Beauty Supply","Beauty Supply / Hair Providerz","Beauty Supply/Hair Providers",Atlanta,GA,"Greater Atlanta Area",no,16,[]
353,"Natasha's Beauty Supply","Beauty Supply / Hair Providerz","Beauty Supply/Hair Providers","Las Vegas",NV,"Greater Las Vegas Area",no,16,[]
354,"Kin Beauty Supply","Beauty Supply / Hair Providerz","Beauty Supply/Hair Providers","Las Vegas",NV,"Greater Las Vegas Area",no,16,[]
355,"Maxxie Posh Hair Extensions & Wigs","Beauty Supply / Hair Providerz","Beauty Supply/Hair Providers","Las Vegas",NV,"Greater Las Vegas Area",no,16,[]
356,"Pink Noire Beauty Supply","Beauty Supply / Hair Providerz","Beauty Supply/Hair Providers",Memphis,TN,"Memphis Area",no,16,[]
357,"K&K Beauty Supply","Beauty Supply / Hair Providerz","Beauty Supply/Hair Providers",Memphis,TN,"Memphis Area",no,16,[]
358,"Bnear Studios","Beauty / Personal Care","Beauty/Personal Care","Los Angeles",CA,"Greater Los Angeles Area",no,14,[]
359,"The Den Salon","Beauty / Personal Care","Beauty/Personal Care","Los Angeles",CA,"Greater Los Angeles Area",no,14,[]
360,"Knoel LauRen Hair Salon","Beauty / Personal Care","Beauty/Personal Care","Los Angeles",CA,"Greater Los Angeles Area",no,14,[]
361,"Magnificent Brothers Barber & Beauty Salon","Beauty / Personal Care","Beauty/Personal Care","Los Angeles",CA,"Greater Los Angeles Area",no,14,[]
362,"Eros' Hair & Beauty","Beauty / Personal Care","Beauty/Personal Care","Los Angeles",CA,"Greater Los Angeles Area",no,14,[]
363,"Gipson Grocery","Grocery / Markets",Grocery/Markets,Dallas,TX,"Greater Dallas Area",no,5,[]
364,"Oasis Fresh Market","Grocery / Markets",Grocery/Markets,Tulsa,OK,"Greater Tulsa Area",no,5,[]
365,"Elmira Market","Grocery / Markets",Grocery/Markets,Washington,DC,"Greater DMV Area",no,5,[]
366,"Aurora Market","Grocery / Markets",Grocery/Markets,Washington,DC,"Greater DMV Area",no,5,[]
367,"Marion Barry Avenue Market & Cafe","Grocery / Markets",Grocery/Markets,Washington,DC,"Greater DMV Area",no,5,[]
368,"Haile's Stanton Supermarket","Grocery / Markets",Grocery/Markets,Washington,DC,"Greater DMV Area",no,5,[]
369,"Pop's Market","Grocery / Markets",Grocery/Markets,Washington,DC,"Greater DMV Area",no,5,[]
370,"Fiesta MLK Pharmacy","Pharmacy / Health",Pharmacy/Health,Dallas,TX,"Greater Dallas Area",YES,10,[]
371,"Uptown Pharmacy","Pharmacy / Health",Pharmacy/Health,Dallas,TX,"Greater Dallas Area",YES,10,[]
372,"Buckner Neighborhood Pharmacy","Pharmacy / Health",Pharmacy/Health,Dallas,TX,"Greater Dallas Area",no,10,[]
373,"Congress Heights Community Pharmacy","Pharmacy / Health",Pharmacy/Health,Washington,DC,"Greater DMV Area",no,10,[]
374,"Grubb's SE Pharmacy & Mini Mart","Pharmacy / Health",Pharmacy/Health,Washington,DC,"Greater DMV Area",no,10,[]
375,"KLS Courier Enterprises","Courier / Parcel","Courier/Parcel Delivery","New York",NY,"Greater NYC Area",no,9,[]
376,"YLG Courier Services","Courier / Parcel","Courier/Parcel Delivery","New York",NY,"Greater NYC Area",no,9,[]
377,"JetBlack Courier Services","Courier / Parcel","Courier/Parcel Delivery","New York",NY,"Greater NYC Area",no,9,[]
378,"Xentra Transport","Courier / Parcel","Courier/Parcel Delivery","New York",NY,"Greater NYC Area",no,9,[]
379,"Soliha Express Cargo","Courier / Parcel","Courier/Parcel Delivery",Brooklyn,NY,"Greater NYC Area",no,9,[]
380,"Express Errands & Courier LA","Courier / Parcel","Courier/Parcel Delivery","Los Angeles",CA,"Greater Los Angeles Area",no,9,[]
381,"Creative Pop-up Collective","Local Events / Creators","Local Events/Creators",Houston,TX,"Greater Houston Area",no,11,[]
382,"Juneteenth Atlanta Parade & Music Festival","Local Events / Creators","Local Events/Creators",Atlanta,GA,"Greater Atlanta Area",no,11,[]
383,"Kelly Miller Market Days","Local Events / Creators","Local Events/Creators",Washington,DC,"Greater DMV Area",no,11,[]
384,"Charlotte Beauty Supply & Braids","Beauty Supply / Hair Providerz","Beauty Supply/Hair Providers",Charlotte,NC,"Greater Charlotte Area",no,16,[]
385,"Blend Beautique","Beauty Supply / Hair Providerz","Beauty Supply/Hair Providers",Birmingham,AL,"Greater Birmingham Area",no,16,[]
386,"Austin Beauty Supply Plus","Beauty Supply / Hair Providerz","Beauty Supply/Hair Providers",Austin,TX,"Greater Austin Area",no,16,[]
387,"Made By GEbony","Beauty / Personal Care","Beauty/Personal Care",Houston,TX,"Greater Houston Area",no,14,[]
389,"Buy Black Marketplace","Local Events / Creators","Local Events/Creators",Houston,TX,"Greater Houston Area",no,11,[]
390,"Peachez HTX","Liquor / Beverages",Liquor/Beverages,Houston,TX,"Greater Houston Area",YES,8,[]
391,"Pur Noire Urban Wineries","Liquor / Beverages",Liquor/Beverages,Houston,TX,"Greater Houston Area",YES,8,[]
392,"Trez Bistro & Wine Bar","Liquor / Beverages",Liquor/Beverages,Houston,TX,"Greater Houston Area",YES,8,[]
393,"The Address Lounge","Liquor / Beverages",Liquor/Beverages,Houston,TX,"Greater Houston Area",YES,8,[]
394,"Swanky Patron","Liquor / Beverages",Liquor/Beverages,Houston,TX,"Greater Houston Area",YES,8,[]
395,"OKRA Charity Saloon","Liquor / Beverages",Liquor/Beverages,Houston,TX,"Greater Houston Area",YES,8,[]
396,"King's Daiquiri","Liquor / Beverages",Liquor/Beverages,Houston,TX,"Greater Houston Area",YES,8,[]
397,"Clutch Houston","Liquor / Beverages",Liquor/Beverages,Houston,TX,"Greater Houston Area",YES,8,[]
398,"V Live Houston","Liquor / Beverages",Liquor/Beverages,Houston,TX,"Greater Houston Area",YES,8,[]
399,"Anvil Bar & Refuge","Liquor / Beverages",Liquor/Beverages,Houston,TX,"Greater Houston Area",YES,8,[]
400,"Daiquiri's To Go","Liquor / Beverages",Liquor/Beverages,Dallas,TX,"Greater Dallas Area",YES,8,[]
401,"Blends Daiquiri Express","Liquor / Beverages",Liquor/Beverages,Dallas,TX,"Greater Dallas Area",YES,8,[]
402,"Red Light Lounge","Liquor / Beverages",Liquor/Beverages,Dallas,TX,"Greater Dallas Area",YES,8,[]
403,"Lounge 31","Liquor / Beverages",Liquor/Beverages,Dallas,TX,"Greater Dallas Area",YES,8,[]
404,"The Cigar Warehouse","Liquor / Beverages",Liquor/Beverages,Dallas,TX,"Greater Dallas Area",YES,8,[]
405,"Casa de Montecristo","Liquor / Beverages",Liquor/Beverages,Dallas,TX,"Greater Dallas Area",YES,8,[]
406,"Bar Vegan","Liquor / Beverages",Liquor/Beverages,Atlanta,GA,"Greater Atlanta Area",YES,8,[]
407,"Fellaship Lounge","Liquor / Beverages",Liquor/Beverages,Atlanta,GA,"Greater Atlanta Area",YES,8,[]
408,"Stanley's Cigar Lounge","Liquor / Beverages",Liquor/Beverages,Atlanta,GA,"Greater Atlanta Area",YES,8,[]
409,"Blue Flame Lounge","Liquor / Beverages",Liquor/Beverages,Atlanta,GA,"Greater Atlanta Area",YES,8,[]
410,"Vanquish Nightclub","Liquor / Beverages",Liquor/Beverages,Atlanta,GA,"Greater Atlanta Area",YES,8,[]
411,"Benny's Package Store","Liquor / Beverages",Liquor/Beverages,Atlanta,GA,"Greater Atlanta Area",YES,8,[]
412,"Cigar City Club","Liquor / Beverages",Liquor/Beverages,Atlanta,GA,"Greater Atlanta Area",YES,8,[]
413,"D'Bo's Daiquiris Wings & Seafood","Liquor / Beverages",Liquor/Beverages,Memphis,TN,"Memphis Area",YES,8,[]
414,"Wild Bill's Juke Joint","Liquor / Beverages",Liquor/Beverages,Memphis,TN,"Memphis Area",YES,8,[]
416,"The Candy Shop Daiquiri's","Liquor / Beverages",Liquor/Beverages,Memphis,TN,"Memphis Area",YES,8,[]
417,"Black Wall Street Liquid Lounge","Liquor / Beverages",Liquor/Beverages,Tulsa,OK,"Greater Tulsa Area",YES,8,[]
418,"PV's Liquor","Liquor / Beverages",Liquor/Beverages,Tulsa,OK,"Greater Tulsa Area",YES,8,[]
419,"DVL Bar","Liquor / Beverages",Liquor/Beverages,Tulsa,OK,"Greater Tulsa Area",YES,8,[]
420,"Texas Original - Houston","THC / Dispensary",THC/CBD,Houston,TX,"Greater Houston Area",YES,7,[]
421,"Goodblend Texas - Houston","THC / Dispensary",THC/CBD,Houston,TX,"Greater Houston Area",YES,7,[]
422,"Green Cross Houston","THC / Dispensary",THC/CBD,Houston,TX,"Greater Houston Area",YES,7,[145]
423,"Tree of Life Houston","THC / Dispensary",THC/CBD,Houston,TX,"Greater Houston Area",YES,7,[145]
424,"CBD Plus USA - Houston","THC / Dispensary",THC/CBD,Houston,TX,"Greater Houston Area",YES,7,[145]
427,"Mellow Fellow Dallas","THC / Dispensary",THC/CBD,Dallas,TX,"Greater Dallas Area",YES,7,[145]
430,"Restart CBD Austin","THC / Dispensary",THC/CBD,Austin,TX,"Greater Austin Area",YES,7,[145]
431,"Texas Herb Center","THC / Dispensary",THC/CBD,Austin,TX,"Greater Austin Area",YES,7,[145]
432,"Galveston CBD & Wellness","THC / Dispensary",THC/CBD,Galveston,TX,"Brazoria, Matagorda, Galveston, Wharton, Jefferson County Areas",YES,7,[145]
433,"CBD American Shaman - Beaumont","THC / Dispensary",THC/CBD,Beaumont,TX,"Brazoria, Matagorda, Galveston, Wharton, Jefferson County Areas",YES,7,[145]
434,"Huntsville Hemp Company","THC / Dispensary",THC/CBD,Huntsville,TX,"Greater Huntsville Area",YES,7,[145]
435,"Birmingham CBD & Wellness","THC / Dispensary",THC/CBD,Birmingham,AL,"Greater Birmingham Area",YES,7,[145]
436,"Botanical Sciences - Atlanta","THC / Dispensary",THC/CBD,Atlanta,GA,"Greater Atlanta Area",YES,7,[]
437,"Surterra Wellness - Atlanta","THC / Dispensary",THC/CBD,Atlanta,GA,"Greater Atlanta Area",YES,7,[145]
438,"Atlanta Hemp Company","THC / Dispensary",THC/CBD,Atlanta,GA,"Greater Atlanta Area",YES,7,[145]
439,"Memphis Hemp Company","THC / Dispensary",THC/CBD,Memphis,TN,"Memphis Area",YES,7,[145]
440,"Your CBD Store - Memphis","THC / Dispensary",THC/CBD,Memphis,TN,"Memphis Area",YES,7,[145]
441,"Cookies Melrose","THC / Dispensary",THC/CBD,"Los Angeles",CA,"Greater Los Angeles Area",YES,7,[]
442,"MedMen - West Hollywood","THC / Dispensary",THC/CBD,"Los Angeles",CA,"Greater Los Angeles Area",YES,7,[]
443,"Jungle Boys - LA","THC / Dispensary",THC/CBD,"Los Angeles",CA,"Greater Los Angeles Area",YES,7,[]
444,"Stiiizy - DTLA","THC / Dispensary",THC/CBD,"Los Angeles",CA,"Greater Los Angeles Area",YES,7,[]
445,"The Artist Tree - West Hollywood","THC / Dispensary",THC/CBD,"Los Angeles",CA,"Greater Los Angeles Area",YES,7,[]
446,"Higher Path - Sherman Oaks","THC / Dispensary",THC/CBD,Inglewood,CA,"Greater Los Angeles Area",YES,7,[]
447,"Planet 13 Las Vegas","THC / Dispensary",THC/CBD,"Las Vegas",NV,"Greater Las Vegas Area",YES,7,[]
448,"The Dispensary NV - Henderson","THC / Dispensary",THC/CBD,"Las Vegas",NV,"Greater Las Vegas Area",YES,7,[]
449,"Reef Dispensaries - Las Vegas","THC / Dispensary",THC/CBD,"Las Vegas",NV,"Greater Las Vegas Area",YES,7,[]
450,"Oasis Cannabis","THC / Dispensary",THC/CBD,"Las Vegas",NV,"Greater Las Vegas Area",YES,7,[]
451,"Cultivate Las Vegas","THC / Dispensary",THC/CBD,"Las Vegas",NV,"Greater Las Vegas Area",YES,7,[]
452,"Trulieve - Miami","THC / Dispensary",THC/CBD,Miami,FL,"Greater Miami Area",YES,7,[]
453,"Curaleaf - Miami","THC / Dispensary",THC/CBD,Miami,FL,"Greater Miami Area",YES,7,[]
454,"MUV - Miami","THC / Dispensary",THC/CBD,Miami,FL,"Greater Miami Area",YES,7,[]
455,"Fluent - Miami","THC / Dispensary",THC/CBD,Miami,FL,"Greater Miami Area",YES,7,[]
456,"Miami CBD & Wellness","THC / Dispensary",THC/CBD,Miami,FL,"Greater Miami Area",YES,7,[145]
457,"Takoma Wellness Center","THC / Dispensary",THC/CBD,Washington,DC,"Greater DMV Area",YES,7,[]
458,"Anacostia Organics","THC / Dispensary",THC/CBD,Washington,DC,"Greater DMV Area",YES,7,[]
459,"Capital City Care","THC / Dispensary",THC/CBD,Washington,DC,"Greater DMV Area",YES,7,[]
460,"DC Buds","THC / Dispensary",THC/CBD,Washington,DC,"Greater DMV Area",YES,7,[]
461,"National Holistic - DC","THC / Dispensary",THC/CBD,Washington,DC,"Greater DMV Area",YES,7,[]
462,"Mango Cannabis - Tulsa","THC / Dispensary",THC/CBD,Tulsa,OK,"Greater Tulsa Area",YES,7,[]
463,"Simply Plus Dispensary","THC / Dispensary",THC/CBD,Tulsa,OK,"Greater Tulsa Area",YES,7,[]
464,"Buddha's Best Dispensary","THC / Dispensary",THC/CBD,Tulsa,OK,"Greater Tulsa Area",YES,7,[]
465,"The Green Gorilla","THC / Dispensary",THC/CBD,Tulsa,OK,"Greater Tulsa Area",YES,7,[]
466,"Kush House Dispensary","THC / Dispensary",THC/CBD,Tulsa,OK,"Greater Tulsa Area",YES,7,[]
467,"Charlotte CBD & Wellness","THC / Dispensary",THC/CBD,Charlotte,NC,"Greater Charlotte Area",YES,7,[145]
469,"Housing Works Cannabis Co.","THC / Dispensary",THC/CBD,"New York",NY,"Greater NYC Area",YES,7,[]
470,"Union Square Travel Agency","THC / Dispensary",THC/CBD,"New York",NY,"Greater NYC Area",YES,7,[]
471,"Gotham Cannabis Dispensary","THC / Dispensary",THC/CBD,"New York",NY,"Greater NYC Area",YES,7,[]
472,"Smacked NYC","THC / Dispensary",THC/CBD,"New York",NY,"Greater NYC Area",YES,7,[]
473,"The Cannabis Place","THC / Dispensary",THC/CBD,"New York",NY,"Greater NYC Area",YES,7,[]
474,"Boss Lady Couture","Retail / Shopping",Retail/Shopping,Houston,TX,"Greater Houston Area",no,13,[]
475,TaterQue,Restaurants,"Restaurants/Brick and Mortar",Austin,TX,"Greater Austin Area",no,4,[14]
476,"Black Book Houston","Local Events / Creators","Local Events/Creators",Houston,TX,"Greater Houston Area",no,11,[]
